region_id,station,observed_at,temperature_c,precipitation_mm_24h,wind_speed_mps,snow_depth_cm,cold_wave_risk,snowstorm_risk,drought_risk
naqu-bange,班戈县高原气象站,2026-01-15 08:00,-15.2,2.1,9.5,24,高,高,低
changdu-luolong,洛隆县牧区气象站,2026-01-15 08:00,-8.5,1.2,6.8,11,中,中,低
rikaze-xietongmen,谢通门县生态监测站,2026-01-15 08:00,-5.2,0.3,4.2,3,低,低,中
naqu-bange,班戈县高原气象站,2026-03-20 08:00,-6.8,8.3,7.2,18,中,高,低
changdu-luolong,洛隆县牧区气象站,2026-03-20 08:00,-2.1,5.4,4.8,8,低,中,中
rikaze-xietongmen,谢通门县生态监测站,2026-03-20 08:00,1.8,2.1,3.8,1,低,低,低
naqu-bange,班戈县高原气象站,2026-05-21 08:00,-3.8,11.6,8.2,18,高,高,低
changdu-luolong,洛隆县牧区气象站,2026-05-21 08:00,2.4,4.8,5.1,7,中,中,低
rikaze-xietongmen,谢通门县生态监测站,2026-05-21 08:00,5.7,1.2,3.6,2,低,低,中
