region_id,region_name,date,ndvi
naqu-bange,那曲市班戈县,2020-01,0.10135000000000001
naqu-seni,那曲市色尼区,2020-01,0.07655
naqu-nierong,那曲市聂荣县,2020-01,0.1676
naqu-anduo,那曲市安多县,2020-01,0.0205
naqu-shenzha,那曲市申扎县,2020-01,0.09495
changdu-karuo,昌都市卡若区,2020-01,0.08425
changdu-luolong,昌都市洛隆县,2020-01,0.09155
changdu-leiwuqi,昌都市类乌齐县,2020-01,0.16920000000000002
changdu-jiangda,昌都市江达县,2020-01,0.1607
rikaze-xietongmen,日喀则市谢通门县,2020-01,0.12185
rikaze-jiangzi,日喀则市江孜县,2020-01,0.09535
rikaze-kangma,日喀则市康马县,2020-01,0.10020000000000001
rikaze-zhongba,日喀则市仲巴县,2020-01,0.1364
shannan-cuona,山南市措那县,2020-01,0.0884
ali-gaize,阿里地区改则县,2020-01,0.06135
yushu-chengduo,玉树州称多县,2020-01,0.0679
yushu-zaduo,玉树州杂多县,2020-01,0.10360000000000001
guoluo-maqin,果洛州玛沁县,2020-01,0.07335
guoluo-jiuzhi,果洛州久治县,2020-01,0.10755
haibei-gangcha,海北州刚察县,2020-01,0.13655
huangnan-zeku,黄南州泽库县,2020-01,0.1356
ganzi-shiqu,甘孜州石渠县,2020-01,0.1592
ganzi-seda,甘孜州色达县,2020-01,0.1071
aba-hongyuan,阿坝州红原县,2020-01,0.2605
gannan-luqu,甘南州碌曲县,2020-01,0.08965000000000001
naqu-bange,那曲市班戈县,2020-02,0.12380000000000001
naqu-seni,那曲市色尼区,2020-02,0.08
naqu-nierong,那曲市聂荣县,2020-02,0.14875
naqu-anduo,那曲市安多县,2020-02,0.0334
naqu-shenzha,那曲市申扎县,2020-02,0.09185
changdu-karuo,昌都市卡若区,2020-02,0.10785
changdu-luolong,昌都市洛隆县,2020-02,0.1733
changdu-leiwuqi,昌都市类乌齐县,2020-02,0.13275
changdu-jiangda,昌都市江达县,2020-02,0.41735
rikaze-xietongmen,日喀则市谢通门县,2020-02,0.10895
rikaze-jiangzi,日喀则市江孜县,2020-02,0.09725
rikaze-kangma,日喀则市康马县,2020-02,0.0908
rikaze-zhongba,日喀则市仲巴县,2020-02,0.12610000000000002
shannan-cuona,山南市措那县,2020-02,0.22175
ali-gaize,阿里地区改则县,2020-02,0.07095
yushu-chengduo,玉树州称多县,2020-02,0.08645
yushu-zaduo,玉树州杂多县,2020-02,0.28625
guoluo-maqin,果洛州玛沁县,2020-02,0.0726
guoluo-jiuzhi,果洛州久治县,2020-02,0.12215000000000001
haibei-gangcha,海北州刚察县,2020-02,0.1044
huangnan-zeku,黄南州泽库县,2020-02,0.13845000000000002
ganzi-shiqu,甘孜州石渠县,2020-02,0.0109
ganzi-seda,甘孜州色达县,2020-02,0.08020000000000001
aba-hongyuan,阿坝州红原县,2020-02,0.2472
gannan-luqu,甘南州碌曲县,2020-02,0.10495
naqu-bange,那曲市班戈县,2020-03,0.12375000000000001
naqu-seni,那曲市色尼区,2020-03,0.09330000000000001
naqu-nierong,那曲市聂荣县,2020-03,0.16385
naqu-anduo,那曲市安多县,2020-03,-0.0045000000000000005
naqu-shenzha,那曲市申扎县,2020-03,0.09430000000000001
changdu-karuo,昌都市卡若区,2020-03,0.07730000000000001
changdu-luolong,昌都市洛隆县,2020-03,0.16935
changdu-leiwuqi,昌都市类乌齐县,2020-03,0.15555
changdu-jiangda,昌都市江达县,2020-03,0.2849
rikaze-xietongmen,日喀则市谢通门县,2020-03,0.10545
rikaze-jiangzi,日喀则市江孜县,2020-03,0.09735
rikaze-kangma,日喀则市康马县,2020-03,0.08410000000000001
rikaze-zhongba,日喀则市仲巴县,2020-03,0.1211
shannan-cuona,山南市措那县,2020-03,0.053200000000000004
ali-gaize,阿里地区改则县,2020-03,0.07245
yushu-chengduo,玉树州称多县,2020-03,0.10830000000000001
yushu-zaduo,玉树州杂多县,2020-03,0.16405
guoluo-maqin,果洛州玛沁县,2020-03,0.07055
guoluo-jiuzhi,果洛州久治县,2020-03,0.1023
haibei-gangcha,海北州刚察县,2020-03,0.1269
huangnan-zeku,黄南州泽库县,2020-03,0.1468
ganzi-shiqu,甘孜州石渠县,2020-03,0.12045
ganzi-seda,甘孜州色达县,2020-03,0.10005
aba-hongyuan,阿坝州红原县,2020-03,0.248
gannan-luqu,甘南州碌曲县,2020-03,0.09995000000000001
naqu-bange,那曲市班戈县,2020-04,0.1213
naqu-seni,那曲市色尼区,2020-04,0.11075
naqu-nierong,那曲市聂荣县,2020-04,0.2142
naqu-anduo,那曲市安多县,2020-04,0.05095
naqu-shenzha,那曲市申扎县,2020-04,0.10010000000000001
changdu-karuo,昌都市卡若区,2020-04,0.09285
changdu-luolong,昌都市洛隆县,2020-04,0.1534
changdu-leiwuqi,昌都市类乌齐县,2020-04,0.1521
changdu-jiangda,昌都市江达县,2020-04,0.4511
rikaze-xietongmen,日喀则市谢通门县,2020-04,0.11775000000000001
rikaze-jiangzi,日喀则市江孜县,2020-04,0.10385000000000001
rikaze-kangma,日喀则市康马县,2020-04,0.0931
rikaze-zhongba,日喀则市仲巴县,2020-04,0.1179
shannan-cuona,山南市措那县,2020-04,0.18075000000000002
ali-gaize,阿里地区改则县,2020-04,0.06665
yushu-chengduo,玉树州称多县,2020-04,0.09505000000000001
yushu-zaduo,玉树州杂多县,2020-04,0.16435
guoluo-maqin,果洛州玛沁县,2020-04,0.04175
guoluo-jiuzhi,果洛州久治县,2020-04,0.11955
haibei-gangcha,海北州刚察县,2020-04,0.1275
huangnan-zeku,黄南州泽库县,2020-04,0.16705
ganzi-shiqu,甘孜州石渠县,2020-04,0.20265
ganzi-seda,甘孜州色达县,2020-04,0.09975
aba-hongyuan,阿坝州红原县,2020-04,0.35985
gannan-luqu,甘南州碌曲县,2020-04,0.13115000000000002
naqu-bange,那曲市班戈县,2020-05,0.13255
naqu-seni,那曲市色尼区,2020-05,0.12515
naqu-nierong,那曲市聂荣县,2020-05,0.21695
naqu-anduo,那曲市安多县,2020-05,0.10005
naqu-shenzha,那曲市申扎县,2020-05,0.10415
changdu-karuo,昌都市卡若区,2020-05,0.08410000000000001
changdu-luolong,昌都市洛隆县,2020-05,0.14450000000000002
changdu-leiwuqi,昌都市类乌齐县,2020-05,0.1889
changdu-jiangda,昌都市江达县,2020-05,0.53585
rikaze-xietongmen,日喀则市谢通门县,2020-05,0.13075
rikaze-jiangzi,日喀则市江孜县,2020-05,0.135
rikaze-kangma,日喀则市康马县,2020-05,0.0821
rikaze-zhongba,日喀则市仲巴县,2020-05,0.1291
shannan-cuona,山南市措那县,2020-05,0.48415
ali-gaize,阿里地区改则县,2020-05,0.06425
yushu-chengduo,玉树州称多县,2020-05,0.15595
yushu-zaduo,玉树州杂多县,2020-05,0.22740000000000002
guoluo-maqin,果洛州玛沁县,2020-05,0.0911
guoluo-jiuzhi,果洛州久治县,2020-05,0.1342
haibei-gangcha,海北州刚察县,2020-05,0.19240000000000002
huangnan-zeku,黄南州泽库县,2020-05,0.22725
ganzi-shiqu,甘孜州石渠县,2020-05,0.14615
ganzi-seda,甘孜州色达县,2020-05,0.13455
aba-hongyuan,阿坝州红原县,2020-05,0.53885
gannan-luqu,甘南州碌曲县,2020-05,0.1331
naqu-bange,那曲市班戈县,2020-06,0.20935
naqu-seni,那曲市色尼区,2020-06,0.2424
naqu-nierong,那曲市聂荣县,2020-06,0.2978
naqu-anduo,那曲市安多县,2020-06,0.12165000000000001
naqu-shenzha,那曲市申扎县,2020-06,0.1501
changdu-karuo,昌都市卡若区,2020-06,0.1179
changdu-luolong,昌都市洛隆县,2020-06,0.49870000000000003
changdu-leiwuqi,昌都市类乌齐县,2020-06,0.3735
changdu-jiangda,昌都市江达县,2020-06,0.4288
rikaze-xietongmen,日喀则市谢通门县,2020-06,0.1421
rikaze-jiangzi,日喀则市江孜县,2020-06,0.17085
rikaze-kangma,日喀则市康马县,2020-06,0.17945
rikaze-zhongba,日喀则市仲巴县,2020-06,0.14665
shannan-cuona,山南市措那县,2020-06,0.49825
ali-gaize,阿里地区改则县,2020-06,0.07300000000000001
yushu-chengduo,玉树州称多县,2020-06,0.2747
yushu-zaduo,玉树州杂多县,2020-06,0.2864
guoluo-maqin,果洛州玛沁县,2020-06,0.18255000000000002
guoluo-jiuzhi,果洛州久治县,2020-06,0.2646
haibei-gangcha,海北州刚察县,2020-06,0.277
huangnan-zeku,黄南州泽库县,2020-06,0.3079
ganzi-shiqu,甘孜州石渠县,2020-06,0.3743
ganzi-seda,甘孜州色达县,2020-06,0.18745
aba-hongyuan,阿坝州红原县,2020-06,0.7250500000000001
gannan-luqu,甘南州碌曲县,2020-06,0.18625
naqu-bange,那曲市班戈县,2020-07,0.3215
naqu-seni,那曲市色尼区,2020-07,0.29935
naqu-nierong,那曲市聂荣县,2020-07,0.5631
naqu-anduo,那曲市安多县,2020-07,0.1559
naqu-shenzha,那曲市申扎县,2020-07,0.20395000000000002
changdu-karuo,昌都市卡若区,2020-07,0.21630000000000002
changdu-luolong,昌都市洛隆县,2020-07,0.31795
changdu-leiwuqi,昌都市类乌齐县,2020-07,0.36435
changdu-jiangda,昌都市江达县,2020-07,0.81215
rikaze-xietongmen,日喀则市谢通门县,2020-07,0.22725
rikaze-jiangzi,日喀则市江孜县,2020-07,0.17815
rikaze-kangma,日喀则市康马县,2020-07,0.22795
rikaze-zhongba,日喀则市仲巴县,2020-07,0.18015
shannan-cuona,山南市措那县,2020-07,0.5958
ali-gaize,阿里地区改则县,2020-07,0.076
yushu-chengduo,玉树州称多县,2020-07,0.32045
yushu-zaduo,玉树州杂多县,2020-07,0.37655
guoluo-maqin,果洛州玛沁县,2020-07,0.1923
guoluo-jiuzhi,果洛州久治县,2020-07,0.22815000000000002
haibei-gangcha,海北州刚察县,2020-07,0.36510000000000004
huangnan-zeku,黄南州泽库县,2020-07,0.42965000000000003
ganzi-shiqu,甘孜州石渠县,2020-07,0.56525
ganzi-seda,甘孜州色达县,2020-07,0.2406
aba-hongyuan,阿坝州红原县,2020-07,0.5424
gannan-luqu,甘南州碌曲县,2020-07,0.3052
naqu-bange,那曲市班戈县,2020-08,0.22945000000000002
naqu-seni,那曲市色尼区,2020-08,0.2399
naqu-nierong,那曲市聂荣县,2020-08,0.46215
naqu-anduo,那曲市安多县,2020-08,0.1612
naqu-shenzha,那曲市申扎县,2020-08,0.1711
changdu-karuo,昌都市卡若区,2020-08,0.08875000000000001
changdu-luolong,昌都市洛隆县,2020-08,0.2596
changdu-leiwuqi,昌都市类乌齐县,2020-08,0.2767
changdu-jiangda,昌都市江达县,2020-08,0.81665
rikaze-xietongmen,日喀则市谢通门县,2020-08,0.2066
rikaze-jiangzi,日喀则市江孜县,2020-08,0.2389
rikaze-kangma,日喀则市康马县,2020-08,0.19870000000000002
rikaze-zhongba,日喀则市仲巴县,2020-08,0.19265000000000002
shannan-cuona,山南市措那县,2020-08,0.3003
ali-gaize,阿里地区改则县,2020-08,0.0849
yushu-chengduo,玉树州称多县,2020-08,0.21075000000000002
yushu-zaduo,玉树州杂多县,2020-08,0.3357
guoluo-maqin,果洛州玛沁县,2020-08,0.11185
guoluo-jiuzhi,果洛州久治县,2020-08,0.21625
haibei-gangcha,海北州刚察县,2020-08,0.2993
huangnan-zeku,黄南州泽库县,2020-08,0.31270000000000003
ganzi-shiqu,甘孜州石渠县,2020-08,0.3677
ganzi-seda,甘孜州色达县,2020-08,0.16255
aba-hongyuan,阿坝州红原县,2020-08,0.74585
gannan-luqu,甘南州碌曲县,2020-08,0.19615000000000002
naqu-bange,那曲市班戈县,2020-09,0.20800000000000002
naqu-seni,那曲市色尼区,2020-09,0.24100000000000002
naqu-nierong,那曲市聂荣县,2020-09,0.4257
naqu-anduo,那曲市安多县,2020-09,0.1421
naqu-shenzha,那曲市申扎县,2020-09,0.14645
changdu-karuo,昌都市卡若区,2020-09,0.09915
changdu-luolong,昌都市洛隆县,2020-09,0.2977
changdu-leiwuqi,昌都市类乌齐县,2020-09,0.37670000000000003
changdu-jiangda,昌都市江达县,2020-09,0.7052
rikaze-xietongmen,日喀则市谢通门县,2020-09,0.19345
rikaze-jiangzi,日喀则市江孜县,2020-09,0.1693
rikaze-kangma,日喀则市康马县,2020-09,0.1935
rikaze-zhongba,日喀则市仲巴县,2020-09,0.1573
shannan-cuona,山南市措那县,2020-09,0.42995
ali-gaize,阿里地区改则县,2020-09,0.08375
yushu-chengduo,玉树州称多县,2020-09,0.2374
yushu-zaduo,玉树州杂多县,2020-09,0.24875
guoluo-maqin,果洛州玛沁县,2020-09,0.08805
guoluo-jiuzhi,果洛州久治县,2020-09,0.2331
haibei-gangcha,海北州刚察县,2020-09,0.24330000000000002
huangnan-zeku,黄南州泽库县,2020-09,0.28875
ganzi-shiqu,甘孜州石渠县,2020-09,0.38280000000000003
ganzi-seda,甘孜州色达县,2020-09,0.1923
aba-hongyuan,阿坝州红原县,2020-09,0.6183000000000001
gannan-luqu,甘南州碌曲县,2020-09,0.22655
naqu-bange,那曲市班戈县,2020-10,0.1479
naqu-seni,那曲市色尼区,2020-10,0.1575
naqu-nierong,那曲市聂荣县,2020-10,0.2612
naqu-anduo,那曲市安多县,2020-10,0.10875
naqu-shenzha,那曲市申扎县,2020-10,0.12040000000000001
changdu-karuo,昌都市卡若区,2020-10,0.112
changdu-luolong,昌都市洛隆县,2020-10,0.22765000000000002
changdu-leiwuqi,昌都市类乌齐县,2020-10,0.19135000000000002
changdu-jiangda,昌都市江达县,2020-10,0.4912
rikaze-xietongmen,日喀则市谢通门县,2020-10,0.14955000000000002
rikaze-jiangzi,日喀则市江孜县,2020-10,0.13245
rikaze-kangma,日喀则市康马县,2020-10,0.14500000000000002
rikaze-zhongba,日喀则市仲巴县,2020-10,0.13075
shannan-cuona,山南市措那县,2020-10,0.26755
ali-gaize,阿里地区改则县,2020-10,0.08045000000000001
yushu-chengduo,玉树州称多县,2020-10,0.1482
yushu-zaduo,玉树州杂多县,2020-10,0.2286
guoluo-maqin,果洛州玛沁县,2020-10,0.07285
guoluo-jiuzhi,果洛州久治县,2020-10,0.11265
haibei-gangcha,海北州刚察县,2020-10,0.15465
huangnan-zeku,黄南州泽库县,2020-10,0.2056
ganzi-shiqu,甘孜州石渠县,2020-10,0.2273
ganzi-seda,甘孜州色达县,2020-10,0.09630000000000001
aba-hongyuan,阿坝州红原县,2020-10,0.39030000000000004
gannan-luqu,甘南州碌曲县,2020-10,0.14565
naqu-bange,那曲市班戈县,2020-11,0.1592
naqu-seni,那曲市色尼区,2020-11,0.1799
naqu-nierong,那曲市聂荣县,2020-11,0.2235
naqu-anduo,那曲市安多县,2020-11,0.0791
naqu-shenzha,那曲市申扎县,2020-11,0.10790000000000001
changdu-karuo,昌都市卡若区,2020-11,0.0787
changdu-luolong,昌都市洛隆县,2020-11,0.1804
changdu-leiwuqi,昌都市类乌齐县,2020-11,0.3118
changdu-jiangda,昌都市江达县,2020-11,0.303
rikaze-xietongmen,日喀则市谢通门县,2020-11,0.1303
rikaze-jiangzi,日喀则市江孜县,2020-11,0.1158
rikaze-kangma,日喀则市康马县,2020-11,0.1029
rikaze-zhongba,日喀则市仲巴县,2020-11,0.1217
shannan-cuona,山南市措那县,2020-11,0.1807
ali-gaize,阿里地区改则县,2020-11,0.0682
yushu-chengduo,玉树州称多县,2020-11,0.08660000000000001
yushu-zaduo,玉树州杂多县,2020-11,0.1912
guoluo-maqin,果洛州玛沁县,2020-11,0.0857
guoluo-jiuzhi,果洛州久治县,2020-11,0.1019
haibei-gangcha,海北州刚察县,2020-11,0.1091
huangnan-zeku,黄南州泽库县,2020-11,0.16190000000000002
ganzi-shiqu,甘孜州石渠县,2020-11,0.1723
ganzi-seda,甘孜州色达县,2020-11,0.0937
aba-hongyuan,阿坝州红原县,2020-11,0.3375
gannan-luqu,甘南州碌曲县,2020-11,0.124
naqu-bange,那曲市班戈县,2020-12,0.14175000000000001
naqu-seni,那曲市色尼区,2020-12,0.1223
naqu-nierong,那曲市聂荣县,2020-12,0.189
naqu-anduo,那曲市安多县,2020-12,0.0743
naqu-shenzha,那曲市申扎县,2020-12,0.10025
changdu-karuo,昌都市卡若区,2020-12,0.10145
changdu-luolong,昌都市洛隆县,2020-12,0.19085000000000002
changdu-leiwuqi,昌都市类乌齐县,2020-12,0.16465000000000002
changdu-jiangda,昌都市江达县,2020-12,0.3694
rikaze-xietongmen,日喀则市谢通门县,2020-12,0.1226
rikaze-jiangzi,日喀则市江孜县,2020-12,0.11215
rikaze-kangma,日喀则市康马县,2020-12,0.1028
rikaze-zhongba,日喀则市仲巴县,2020-12,0.13175
shannan-cuona,山南市措那县,2020-12,0.21025000000000002
ali-gaize,阿里地区改则县,2020-12,0.0722
yushu-chengduo,玉树州称多县,2020-12,0.09115000000000001
yushu-zaduo,玉树州杂多县,2020-12,0.14655
guoluo-maqin,果洛州玛沁县,2020-12,0.0887
guoluo-jiuzhi,果洛州久治县,2020-12,0.10145
haibei-gangcha,海北州刚察县,2020-12,0.1444
huangnan-zeku,黄南州泽库县,2020-12,0.13085
ganzi-shiqu,甘孜州石渠县,2020-12,0.16785
ganzi-seda,甘孜州色达县,2020-12,0.10210000000000001
aba-hongyuan,阿坝州红原县,2020-12,0.31415000000000004
gannan-luqu,甘南州碌曲县,2020-12,0.11445000000000001
naqu-bange,那曲市班戈县,2021-01,0.14015
naqu-seni,那曲市色尼区,2021-01,0.08985
naqu-nierong,那曲市聂荣县,2021-01,0.1835
naqu-anduo,那曲市安多县,2021-01,0.05235
naqu-shenzha,那曲市申扎县,2021-01,0.1015
changdu-karuo,昌都市卡若区,2021-01,0.08255
changdu-luolong,昌都市洛隆县,2021-01,0.18150000000000002
changdu-leiwuqi,昌都市类乌齐县,2021-01,0.1547
changdu-jiangda,昌都市江达县,2021-01,0.38045
rikaze-xietongmen,日喀则市谢通门县,2021-01,0.1187
rikaze-jiangzi,日喀则市江孜县,2021-01,0.10740000000000001
rikaze-kangma,日喀则市康马县,2021-01,0.09605000000000001
rikaze-zhongba,日喀则市仲巴县,2021-01,0.11785000000000001
shannan-cuona,山南市措那县,2021-01,0.18180000000000002
ali-gaize,阿里地区改则县,2021-01,0.067
yushu-chengduo,玉树州称多县,2021-01,0.09275
yushu-zaduo,玉树州杂多县,2021-01,0.13920000000000002
guoluo-maqin,果洛州玛沁县,2021-01,0.0916
guoluo-jiuzhi,果洛州久治县,2021-01,0.0951
haibei-gangcha,海北州刚察县,2021-01,0.1322
huangnan-zeku,黄南州泽库县,2021-01,0.12325000000000001
ganzi-shiqu,甘孜州石渠县,2021-01,0.11535000000000001
ganzi-seda,甘孜州色达县,2021-01,0.09325
aba-hongyuan,阿坝州红原县,2021-01,0.24535
gannan-luqu,甘南州碌曲县,2021-01,0.1068
naqu-bange,那曲市班戈县,2021-02,0.1288
naqu-seni,那曲市色尼区,2021-02,0.08975000000000001
naqu-nierong,那曲市聂荣县,2021-02,0.1678
naqu-anduo,那曲市安多县,2021-02,0.0438
naqu-shenzha,那曲市申扎县,2021-02,0.10010000000000001
changdu-karuo,昌都市卡若区,2021-02,0.09355000000000001
changdu-luolong,昌都市洛隆县,2021-02,0.1774
changdu-leiwuqi,昌都市类乌齐县,2021-02,0.18530000000000002
changdu-jiangda,昌都市江达县,2021-02,0.44555
rikaze-xietongmen,日喀则市谢通门县,2021-02,0.1134
rikaze-jiangzi,日喀则市江孜县,2021-02,0.09765
rikaze-kangma,日喀则市康马县,2021-02,0.0927
rikaze-zhongba,日喀则市仲巴县,2021-02,0.11810000000000001
shannan-cuona,山南市措那县,2021-02,0.11925000000000001
ali-gaize,阿里地区改则县,2021-02,0.0719
yushu-chengduo,玉树州称多县,2021-02,0.1169
yushu-zaduo,玉树州杂多县,2021-02,0.13820000000000002
guoluo-maqin,果洛州玛沁县,2021-02,0.085
guoluo-jiuzhi,果洛州久治县,2021-02,0.0956
haibei-gangcha,海北州刚察县,2021-02,0.1165
huangnan-zeku,黄南州泽库县,2021-02,0.127
ganzi-shiqu,甘孜州石渠县,2021-02,0.12685000000000002
ganzi-seda,甘孜州色达县,2021-02,0.08585000000000001
aba-hongyuan,阿坝州红原县,2021-02,0.26415
gannan-luqu,甘南州碌曲县,2021-02,0.1131
naqu-bange,那曲市班戈县,2021-03,0.1369
naqu-seni,那曲市色尼区,2021-03,0.12290000000000001
naqu-nierong,那曲市聂荣县,2021-03,0.2011
naqu-anduo,那曲市安多县,2021-03,0.02555
naqu-shenzha,那曲市申扎县,2021-03,0.10740000000000001
changdu-karuo,昌都市卡若区,2021-03,0.07100000000000001
changdu-luolong,昌都市洛隆县,2021-03,0.16255
changdu-leiwuqi,昌都市类乌齐县,2021-03,0.1615
changdu-jiangda,昌都市江达县,2021-03,0.48985
rikaze-xietongmen,日喀则市谢通门县,2021-03,0.0995
rikaze-jiangzi,日喀则市江孜县,2021-03,0.09995000000000001
rikaze-kangma,日喀则市康马县,2021-03,0.0995
rikaze-zhongba,日喀则市仲巴县,2021-03,0.12435
shannan-cuona,山南市措那县,2021-03,0.12085
ali-gaize,阿里地区改则县,2021-03,0.0742
yushu-chengduo,玉树州称多县,2021-03,0.09535
yushu-zaduo,玉树州杂多县,2021-03,0.16585
guoluo-maqin,果洛州玛沁县,2021-03,0.08005000000000001
guoluo-jiuzhi,果洛州久治县,2021-03,0.11365
haibei-gangcha,海北州刚察县,2021-03,0.11525
huangnan-zeku,黄南州泽库县,2021-03,0.14915
ganzi-shiqu,甘孜州石渠县,2021-03,0.16125
ganzi-seda,甘孜州色达县,2021-03,0.08940000000000001
aba-hongyuan,阿坝州红原县,2021-03,0.2842
gannan-luqu,甘南州碌曲县,2021-03,0.10500000000000001
naqu-bange,那曲市班戈县,2021-04,0.1335
naqu-seni,那曲市色尼区,2021-04,0.12645
naqu-nierong,那曲市聂荣县,2021-04,0.19870000000000002
naqu-anduo,那曲市安多县,2021-04,0.08025
naqu-shenzha,那曲市申扎县,2021-04,0.09135
changdu-karuo,昌都市卡若区,2021-04,0.09330000000000001
changdu-luolong,昌都市洛隆县,2021-04,0.17350000000000002
changdu-leiwuqi,昌都市类乌齐县,2021-04,0.1559
changdu-jiangda,昌都市江达县,2021-04,0.42345
rikaze-xietongmen,日喀则市谢通门县,2021-04,0.1087
rikaze-jiangzi,日喀则市江孜县,2021-04,0.11130000000000001
rikaze-kangma,日喀则市康马县,2021-04,0.08195000000000001
rikaze-zhongba,日喀则市仲巴县,2021-04,0.11705
shannan-cuona,山南市措那县,2021-04,0.07475
ali-gaize,阿里地区改则县,2021-04,0.0722
yushu-chengduo,玉树州称多县,2021-04,0.10980000000000001
yushu-zaduo,玉树州杂多县,2021-04,0.14750000000000002
guoluo-maqin,果洛州玛沁县,2021-04,0.05895
guoluo-jiuzhi,果洛州久治县,2021-04,0.11985000000000001
haibei-gangcha,海北州刚察县,2021-04,0.1293
huangnan-zeku,黄南州泽库县,2021-04,0.1463
ganzi-shiqu,甘孜州石渠县,2021-04,0.15745
ganzi-seda,甘孜州色达县,2021-04,0.12395
aba-hongyuan,阿坝州红原县,2021-04,0.4213
gannan-luqu,甘南州碌曲县,2021-04,0.1279
naqu-bange,那曲市班戈县,2021-05,0.14650000000000002
naqu-seni,那曲市色尼区,2021-05,0.16345
naqu-nierong,那曲市聂荣县,2021-05,0.3194
naqu-anduo,那曲市安多县,2021-05,0.1246
naqu-shenzha,那曲市申扎县,2021-05,0.10895
changdu-karuo,昌都市卡若区,2021-05,0.0985
changdu-luolong,昌都市洛隆县,2021-05,0.32375000000000004
changdu-leiwuqi,昌都市类乌齐县,2021-05,0.27485000000000004
changdu-jiangda,昌都市江达县,2021-05,0.47700000000000004
rikaze-xietongmen,日喀则市谢通门县,2021-05,0.14045000000000002
rikaze-jiangzi,日喀则市江孜县,2021-05,0.12215000000000001
rikaze-kangma,日喀则市康马县,2021-05,0.11365
rikaze-zhongba,日喀则市仲巴县,2021-05,0.11315
shannan-cuona,山南市措那县,2021-05,0.2361
ali-gaize,阿里地区改则县,2021-05,0.0726
yushu-chengduo,玉树州称多县,2021-05,0.19055
yushu-zaduo,玉树州杂多县,2021-05,0.26325000000000004
guoluo-maqin,果洛州玛沁县,2021-05,0.10210000000000001
guoluo-jiuzhi,果洛州久治县,2021-05,0.1915
haibei-gangcha,海北州刚察县,2021-05,0.2034
huangnan-zeku,黄南州泽库县,2021-05,0.2225
ganzi-shiqu,甘孜州石渠县,2021-05,0.25570000000000004
ganzi-seda,甘孜州色达县,2021-05,0.16695000000000002
aba-hongyuan,阿坝州红原县,2021-05,0.4398
gannan-luqu,甘南州碌曲县,2021-05,0.17195000000000002
naqu-bange,那曲市班戈县,2021-06,0.21365
naqu-seni,那曲市色尼区,2021-06,0.24155000000000001
naqu-nierong,那曲市聂荣县,2021-06,0.3462
naqu-anduo,那曲市安多县,2021-06,0.1671
naqu-shenzha,那曲市申扎县,2021-06,0.14550000000000002
changdu-karuo,昌都市卡若区,2021-06,0.10435
changdu-luolong,昌都市洛隆县,2021-06,0.29085
changdu-leiwuqi,昌都市类乌齐县,2021-06,0.512
changdu-jiangda,昌都市江达县,2021-06,0.59865
rikaze-xietongmen,日喀则市谢通门县,2021-06,0.16
rikaze-jiangzi,日喀则市江孜县,2021-06,0.21765
rikaze-kangma,日喀则市康马县,2021-06,0.15665
rikaze-zhongba,日喀则市仲巴县,2021-06,0.1378
shannan-cuona,山南市措那县,2021-06,0.4441
ali-gaize,阿里地区改则县,2021-06,0.07515000000000001
yushu-chengduo,玉树州称多县,2021-06,0.18565
yushu-zaduo,玉树州杂多县,2021-06,0.28635
guoluo-maqin,果洛州玛沁县,2021-06,0.1396
guoluo-jiuzhi,果洛州久治县,2021-06,0.26280000000000003
haibei-gangcha,海北州刚察县,2021-06,0.2826
huangnan-zeku,黄南州泽库县,2021-06,0.26175000000000004
ganzi-shiqu,甘孜州石渠县,2021-06,0.49410000000000004
ganzi-seda,甘孜州色达县,2021-06,0.1155
aba-hongyuan,阿坝州红原县,2021-06,0.67925
gannan-luqu,甘南州碌曲县,2021-06,0.23320000000000002
naqu-bange,那曲市班戈县,2021-07,0.22105000000000002
naqu-seni,那曲市色尼区,2021-07,0.19545
naqu-nierong,那曲市聂荣县,2021-07,0.56875
naqu-anduo,那曲市安多县,2021-07,0.19125
naqu-shenzha,那曲市申扎县,2021-07,0.1731
changdu-karuo,昌都市卡若区,2021-07,0.1463
changdu-luolong,昌都市洛隆县,2021-07,0.28445000000000004
changdu-leiwuqi,昌都市类乌齐县,2021-07,0.36675
changdu-jiangda,昌都市江达县,2021-07,0.6162500000000001
rikaze-xietongmen,日喀则市谢通门县,2021-07,0.22940000000000002
rikaze-jiangzi,日喀则市江孜县,2021-07,0.2278
rikaze-kangma,日喀则市康马县,2021-07,0.27635000000000004
rikaze-zhongba,日喀则市仲巴县,2021-07,0.18380000000000002
shannan-cuona,山南市措那县,2021-07,0.67525
ali-gaize,阿里地区改则县,2021-07,0.08545
yushu-chengduo,玉树州称多县,2021-07,0.2479
yushu-zaduo,玉树州杂多县,2021-07,0.34815
guoluo-maqin,果洛州玛沁县,2021-07,0.13375
guoluo-jiuzhi,果洛州久治县,2021-07,0.2235
haibei-gangcha,海北州刚察县,2021-07,0.32485
huangnan-zeku,黄南州泽库县,2021-07,0.3215
ganzi-shiqu,甘孜州石渠县,2021-07,0.5424
ganzi-seda,甘孜州色达县,2021-07,0.15865
aba-hongyuan,阿坝州红原县,2021-07,0.74775
gannan-luqu,甘南州碌曲县,2021-07,0.16590000000000002
naqu-bange,那曲市班戈县,2021-08,0.25780000000000003
naqu-seni,那曲市色尼区,2021-08,0.28095000000000003
naqu-nierong,那曲市聂荣县,2021-08,0.52515
naqu-anduo,那曲市安多县,2021-08,0.17745
naqu-shenzha,那曲市申扎县,2021-08,0.189
changdu-karuo,昌都市卡若区,2021-08,0.1733
changdu-luolong,昌都市洛隆县,2021-08,0.42765000000000003
changdu-leiwuqi,昌都市类乌齐县,2021-08,0.25635
changdu-jiangda,昌都市江达县,2021-08,0.4108
rikaze-xietongmen,日喀则市谢通门县,2021-08,0.2589
rikaze-jiangzi,日喀则市江孜县,2021-08,0.2717
rikaze-kangma,日喀则市康马县,2021-08,0.219
rikaze-zhongba,日喀则市仲巴县,2021-08,0.27875
shannan-cuona,山南市措那县,2021-08,0.38725000000000004
ali-gaize,阿里地区改则县,2021-08,0.08900000000000001
yushu-chengduo,玉树州称多县,2021-08,0.19460000000000002
yushu-zaduo,玉树州杂多县,2021-08,0.43295
guoluo-maqin,果洛州玛沁县,2021-08,0.14705000000000001
guoluo-jiuzhi,果洛州久治县,2021-08,0.24020000000000002
haibei-gangcha,海北州刚察县,2021-08,0.35585
huangnan-zeku,黄南州泽库县,2021-08,0.3168
ganzi-shiqu,甘孜州石渠县,2021-08,0.4016
ganzi-seda,甘孜州色达县,2021-08,0.20435
aba-hongyuan,阿坝州红原县,2021-08,0.60605
gannan-luqu,甘南州碌曲县,2021-08,0.18660000000000002
naqu-bange,那曲市班戈县,2021-09,0.2006
naqu-seni,那曲市色尼区,2021-09,0.18015
naqu-nierong,那曲市聂荣县,2021-09,0.38475000000000004
naqu-anduo,那曲市安多县,2021-09,0.14865
naqu-shenzha,那曲市申扎县,2021-09,0.1439
changdu-karuo,昌都市卡若区,2021-09,0.1038
changdu-luolong,昌都市洛隆县,2021-09,0.33490000000000003
changdu-leiwuqi,昌都市类乌齐县,2021-09,0.3477
changdu-jiangda,昌都市江达县,2021-09,0.68935
rikaze-xietongmen,日喀则市谢通门县,2021-09,0.1955
rikaze-jiangzi,日喀则市江孜县,2021-09,0.2147
rikaze-kangma,日喀则市康马县,2021-09,0.17325000000000002
rikaze-zhongba,日喀则市仲巴县,2021-09,0.22990000000000002
shannan-cuona,山南市措那县,2021-09,0.45830000000000004
ali-gaize,阿里地区改则县,2021-09,0.08205
yushu-chengduo,玉树州称多县,2021-09,0.2063
yushu-zaduo,玉树州杂多县,2021-09,0.35925
guoluo-maqin,果洛州玛沁县,2021-09,0.12905
guoluo-jiuzhi,果洛州久治县,2021-09,0.19165000000000001
haibei-gangcha,海北州刚察县,2021-09,0.21915
huangnan-zeku,黄南州泽库县,2021-09,0.24185
ganzi-shiqu,甘孜州石渠县,2021-09,0.33865
ganzi-seda,甘孜州色达县,2021-09,0.19755
aba-hongyuan,阿坝州红原县,2021-09,0.45305
gannan-luqu,甘南州碌曲县,2021-09,0.1585
naqu-bange,那曲市班戈县,2021-10,0.1588
naqu-seni,那曲市色尼区,2021-10,0.2184
naqu-nierong,那曲市聂荣县,2021-10,0.25730000000000003
naqu-anduo,那曲市安多县,2021-10,0.1042
naqu-shenzha,那曲市申扎县,2021-10,0.11270000000000001
changdu-karuo,昌都市卡若区,2021-10,0.1018
changdu-luolong,昌都市洛隆县,2021-10,0.3113
changdu-leiwuqi,昌都市类乌齐县,2021-10,0.25730000000000003
changdu-jiangda,昌都市江达县,2021-10,0.5135000000000001
rikaze-xietongmen,日喀则市谢通门县,2021-10,0.163
rikaze-jiangzi,日喀则市江孜县,2021-10,0.13390000000000002
rikaze-kangma,日喀则市康马县,2021-10,0.1489
rikaze-zhongba,日喀则市仲巴县,2021-10,0.1567
shannan-cuona,山南市措那县,2021-10,0.26730000000000004
ali-gaize,阿里地区改则县,2021-10,0.0644
yushu-chengduo,玉树州称多县,2021-10,0.1182
yushu-zaduo,玉树州杂多县,2021-10,0.19240000000000002
guoluo-maqin,果洛州玛沁县,2021-10,0.055600000000000004
guoluo-jiuzhi,果洛州久治县,2021-10,0.1564
haibei-gangcha,海北州刚察县,2021-10,0.1689
huangnan-zeku,黄南州泽库县,2021-10,0.20400000000000001
ganzi-shiqu,甘孜州石渠县,2021-10,0.264
ganzi-seda,甘孜州色达县,2021-10,0.09670000000000001
aba-hongyuan,阿坝州红原县,2021-10,0.454
gannan-luqu,甘南州碌曲县,2021-10,0.1126
naqu-bange,那曲市班戈县,2021-11,0.14015
naqu-seni,那曲市色尼区,2021-11,0.1131
naqu-nierong,那曲市聂荣县,2021-11,0.22190000000000001
naqu-anduo,那曲市安多县,2021-11,0.08915000000000001
naqu-shenzha,那曲市申扎县,2021-11,0.10265
changdu-karuo,昌都市卡若区,2021-11,0.09145
changdu-luolong,昌都市洛隆县,2021-11,0.2144
changdu-leiwuqi,昌都市类乌齐县,2021-11,0.19940000000000002
changdu-jiangda,昌都市江达县,2021-11,0.5094000000000001
rikaze-xietongmen,日喀则市谢通门县,2021-11,0.13565
rikaze-jiangzi,日喀则市江孜县,2021-11,0.11715
rikaze-kangma,日喀则市康马县,2021-11,0.12465000000000001
rikaze-zhongba,日喀则市仲巴县,2021-11,0.1401
shannan-cuona,山南市措那县,2021-11,0.14685
ali-gaize,阿里地区改则县,2021-11,0.07665000000000001
yushu-chengduo,玉树州称多县,2021-11,0.12795
yushu-zaduo,玉树州杂多县,2021-11,0.18860000000000002
guoluo-maqin,果洛州玛沁县,2021-11,0.04555
guoluo-jiuzhi,果洛州久治县,2021-11,0.12125000000000001
haibei-gangcha,海北州刚察县,2021-11,0.12915000000000001
huangnan-zeku,黄南州泽库县,2021-11,0.15835000000000002
ganzi-shiqu,甘孜州石渠县,2021-11,0.1058
ganzi-seda,甘孜州色达县,2021-11,0.08435000000000001
aba-hongyuan,阿坝州红原县,2021-11,0.2748
gannan-luqu,甘南州碌曲县,2021-11,0.1017
naqu-bange,那曲市班戈县,2021-12,0.1366
naqu-seni,那曲市色尼区,2021-12,0.11950000000000001
naqu-nierong,那曲市聂荣县,2021-12,0.1595
naqu-anduo,那曲市安多县,2021-12,0.05385
naqu-shenzha,那曲市申扎县,2021-12,0.10545
changdu-karuo,昌都市卡若区,2021-12,0.0931
changdu-luolong,昌都市洛隆县,2021-12,0.1845
changdu-leiwuqi,昌都市类乌齐县,2021-12,0.15775
changdu-jiangda,昌都市江达县,2021-12,0.3513
rikaze-xietongmen,日喀则市谢通门县,2021-12,0.12040000000000001
rikaze-jiangzi,日喀则市江孜县,2021-12,0.10045000000000001
rikaze-kangma,日喀则市康马县,2021-12,0.0999
rikaze-zhongba,日喀则市仲巴县,2021-12,0.1313
shannan-cuona,山南市措那县,2021-12,0.18230000000000002
ali-gaize,阿里地区改则县,2021-12,0.0118
yushu-chengduo,玉树州称多县,2021-12,0.0983
yushu-zaduo,玉树州杂多县,2021-12,0.171
guoluo-maqin,果洛州玛沁县,2021-12,0.0921
guoluo-jiuzhi,果洛州久治县,2021-12,0.09625
haibei-gangcha,海北州刚察县,2021-12,0.1359
huangnan-zeku,黄南州泽库县,2021-12,0.1469
ganzi-shiqu,甘孜州石渠县,2021-12,0.06825
ganzi-seda,甘孜州色达县,2021-12,0.10260000000000001
aba-hongyuan,阿坝州红原县,2021-12,0.10255
gannan-luqu,甘南州碌曲县,2021-12,0.12225000000000001
naqu-bange,那曲市班戈县,2022-01,0.13435
naqu-seni,那曲市色尼区,2022-01,0.111
naqu-nierong,那曲市聂荣县,2022-01,0.1676
naqu-anduo,那曲市安多县,2022-01,0.030500000000000003
naqu-shenzha,那曲市申扎县,2022-01,0.0989
changdu-karuo,昌都市卡若区,2022-01,0.07935
changdu-luolong,昌都市洛隆县,2022-01,0.18445
changdu-leiwuqi,昌都市类乌齐县,2022-01,0.1645
changdu-jiangda,昌都市江达县,2022-01,0.4097
rikaze-xietongmen,日喀则市谢通门县,2022-01,0.11620000000000001
rikaze-jiangzi,日喀则市江孜县,2022-01,0.10115
rikaze-kangma,日喀则市康马县,2022-01,0.10205
rikaze-zhongba,日喀则市仲巴县,2022-01,0.10755
shannan-cuona,山南市措那县,2022-01,-0.0212
ali-gaize,阿里地区改则县,2022-01,0.013850000000000001
yushu-chengduo,玉树州称多县,2022-01,0.08275
yushu-zaduo,玉树州杂多县,2022-01,0.131
guoluo-maqin,果洛州玛沁县,2022-01,0.0442
guoluo-jiuzhi,果洛州久治县,2022-01,0.0942
haibei-gangcha,海北州刚察县,2022-01,0.09645000000000001
huangnan-zeku,黄南州泽库县,2022-01,0.14775000000000002
ganzi-shiqu,甘孜州石渠县,2022-01,0.14800000000000002
ganzi-seda,甘孜州色达县,2022-01,0.07335
aba-hongyuan,阿坝州红原县,2022-01,0.25535
gannan-luqu,甘南州碌曲县,2022-01,0.10525000000000001
naqu-bange,那曲市班戈县,2022-02,0.07375000000000001
naqu-seni,那曲市色尼区,2022-02,0.12805
naqu-nierong,那曲市聂荣县,2022-02,0.16795000000000002
naqu-anduo,那曲市安多县,2022-02,0.04115
naqu-shenzha,那曲市申扎县,2022-02,0.099
changdu-karuo,昌都市卡若区,2022-02,0.10940000000000001
changdu-luolong,昌都市洛隆县,2022-02,0.20135
changdu-leiwuqi,昌都市类乌齐县,2022-02,0.135
changdu-jiangda,昌都市江达县,2022-02,0.50025
rikaze-xietongmen,日喀则市谢通门县,2022-02,0.11235
rikaze-jiangzi,日喀则市江孜县,2022-02,0.09385
rikaze-kangma,日喀则市康马县,2022-02,0.0886
rikaze-zhongba,日喀则市仲巴县,2022-02,0.13375
shannan-cuona,山南市措那县,2022-02,-0.01675
ali-gaize,阿里地区改则县,2022-02,0.07075000000000001
yushu-chengduo,玉树州称多县,2022-02,0.09555000000000001
yushu-zaduo,玉树州杂多县,2022-02,0.16540000000000002
guoluo-maqin,果洛州玛沁县,2022-02,0.07590000000000001
guoluo-jiuzhi,果洛州久治县,2022-02,0.08425
haibei-gangcha,海北州刚察县,2022-02,0.11345000000000001
huangnan-zeku,黄南州泽库县,2022-02,0.1463
ganzi-shiqu,甘孜州石渠县,2022-02,0.15875
ganzi-seda,甘孜州色达县,2022-02,0.09555000000000001
aba-hongyuan,阿坝州红原县,2022-02,0.22740000000000002
gannan-luqu,甘南州碌曲县,2022-02,0.1274
naqu-bange,那曲市班戈县,2022-03,0.12785000000000002
naqu-seni,那曲市色尼区,2022-03,0.1328
naqu-nierong,那曲市聂荣县,2022-03,0.187
naqu-anduo,那曲市安多县,2022-03,0.039650000000000005
naqu-shenzha,那曲市申扎县,2022-03,0.1012
changdu-karuo,昌都市卡若区,2022-03,0.0844
changdu-luolong,昌都市洛隆县,2022-03,0.16820000000000002
changdu-leiwuqi,昌都市类乌齐县,2022-03,0.10255
changdu-jiangda,昌都市江达县,2022-03,0.394
rikaze-xietongmen,日喀则市谢通门县,2022-03,0.09680000000000001
rikaze-jiangzi,日喀则市江孜县,2022-03,0.09140000000000001
rikaze-kangma,日喀则市康马县,2022-03,0.0947
rikaze-zhongba,日喀则市仲巴县,2022-03,0.1259
shannan-cuona,山南市措那县,2022-03,0.097
ali-gaize,阿里地区改则县,2022-03,0.0746
yushu-chengduo,玉树州称多县,2022-03,0.09075000000000001
yushu-zaduo,玉树州杂多县,2022-03,0.14895
guoluo-maqin,果洛州玛沁县,2022-03,0.05145
guoluo-jiuzhi,果洛州久治县,2022-03,0.12235
haibei-gangcha,海北州刚察县,2022-03,0.13045
huangnan-zeku,黄南州泽库县,2022-03,0.1515
ganzi-shiqu,甘孜州石渠县,2022-03,0.1259
ganzi-seda,甘孜州色达县,2022-03,0.1037
aba-hongyuan,阿坝州红原县,2022-03,0.2878
gannan-luqu,甘南州碌曲县,2022-03,0.11270000000000001
naqu-bange,那曲市班戈县,2022-04,0.1265
naqu-seni,那曲市色尼区,2022-04,0.13985
naqu-nierong,那曲市聂荣县,2022-04,0.17865
naqu-anduo,那曲市安多县,2022-04,0.07385
naqu-shenzha,那曲市申扎县,2022-04,0.09045
changdu-karuo,昌都市卡若区,2022-04,0.08625000000000001
changdu-luolong,昌都市洛隆县,2022-04,0.17415
changdu-leiwuqi,昌都市类乌齐县,2022-04,0.1399
changdu-jiangda,昌都市江达县,2022-04,0.442
rikaze-xietongmen,日喀则市谢通门县,2022-04,0.12390000000000001
rikaze-jiangzi,日喀则市江孜县,2022-04,0.10655
rikaze-kangma,日喀则市康马县,2022-04,0.10490000000000001
rikaze-zhongba,日喀则市仲巴县,2022-04,0.125
shannan-cuona,山南市措那县,2022-04,0.23865
ali-gaize,阿里地区改则县,2022-04,0.0664
yushu-chengduo,玉树州称多县,2022-04,0.09965
yushu-zaduo,玉树州杂多县,2022-04,0.1883
guoluo-maqin,果洛州玛沁县,2022-04,0.0844
guoluo-jiuzhi,果洛州久治县,2022-04,0.11415
haibei-gangcha,海北州刚察县,2022-04,0.12675
huangnan-zeku,黄南州泽库县,2022-04,0.14505
ganzi-shiqu,甘孜州石渠县,2022-04,0.16585
ganzi-seda,甘孜州色达县,2022-04,0.10835
aba-hongyuan,阿坝州红原县,2022-04,0.3709
gannan-luqu,甘南州碌曲县,2022-04,0.11475
naqu-bange,那曲市班戈县,2022-05,0.14745
naqu-seni,那曲市色尼区,2022-05,0.2001
naqu-nierong,那曲市聂荣县,2022-05,0.29600000000000004
naqu-anduo,那曲市安多县,2022-05,0.11495000000000001
naqu-shenzha,那曲市申扎县,2022-05,0.11345000000000001
changdu-karuo,昌都市卡若区,2022-05,0.18510000000000001
changdu-luolong,昌都市洛隆县,2022-05,0.16395
changdu-leiwuqi,昌都市类乌齐县,2022-05,0.2637
changdu-jiangda,昌都市江达县,2022-05,0.48755000000000004
rikaze-xietongmen,日喀则市谢通门县,2022-05,0.1492
rikaze-jiangzi,日喀则市江孜县,2022-05,0.1203
rikaze-kangma,日喀则市康马县,2022-05,0.1233
rikaze-zhongba,日喀则市仲巴县,2022-05,0.14145000000000002
shannan-cuona,山南市措那县,2022-05,0.40650000000000003
ali-gaize,阿里地区改则县,2022-05,0.06285
yushu-chengduo,玉树州称多县,2022-05,0.14700000000000002
yushu-zaduo,玉树州杂多县,2022-05,0.19815000000000002
guoluo-maqin,果洛州玛沁县,2022-05,0.1279
guoluo-jiuzhi,果洛州久治县,2022-05,0.20850000000000002
haibei-gangcha,海北州刚察县,2022-05,0.19365000000000002
huangnan-zeku,黄南州泽库县,2022-05,0.18355000000000002
ganzi-shiqu,甘孜州石渠县,2022-05,0.2073
ganzi-seda,甘孜州色达县,2022-05,0.094
aba-hongyuan,阿坝州红原县,2022-05,0.33645
gannan-luqu,甘南州碌曲县,2022-05,0.15225
naqu-bange,那曲市班戈县,2022-06,0.22915000000000002
naqu-seni,那曲市色尼区,2022-06,0.20535
naqu-nierong,那曲市聂荣县,2022-06,0.49595
naqu-anduo,那曲市安多县,2022-06,0.17420000000000002
naqu-shenzha,那曲市申扎县,2022-06,0.14115
changdu-karuo,昌都市卡若区,2022-06,0.23020000000000002
changdu-luolong,昌都市洛隆县,2022-06,0.36825
changdu-leiwuqi,昌都市类乌齐县,2022-06,0.43045
changdu-jiangda,昌都市江达县,2022-06,0.7514000000000001
rikaze-xietongmen,日喀则市谢通门县,2022-06,0.15875
rikaze-jiangzi,日喀则市江孜县,2022-06,0.1854
rikaze-kangma,日喀则市康马县,2022-06,0.21905000000000002
rikaze-zhongba,日喀则市仲巴县,2022-06,0.17545
shannan-cuona,山南市措那县,2022-06,0.311
ali-gaize,阿里地区改则县,2022-06,0.0804
yushu-chengduo,玉树州称多县,2022-06,0.27175
yushu-zaduo,玉树州杂多县,2022-06,0.38275000000000003
guoluo-maqin,果洛州玛沁县,2022-06,0.1746
guoluo-jiuzhi,果洛州久治县,2022-06,0.2858
haibei-gangcha,海北州刚察县,2022-06,0.249
huangnan-zeku,黄南州泽库县,2022-06,0.24945
ganzi-shiqu,甘孜州石渠县,2022-06,0.29205000000000003
ganzi-seda,甘孜州色达县,2022-06,0.2033
aba-hongyuan,阿坝州红原县,2022-06,0.7713500000000001
gannan-luqu,甘南州碌曲县,2022-06,0.24730000000000002
naqu-bange,那曲市班戈县,2022-07,0.19065000000000001
naqu-seni,那曲市色尼区,2022-07,0.26940000000000003
naqu-nierong,那曲市聂荣县,2022-07,0.46165
naqu-anduo,那曲市安多县,2022-07,0.16705
naqu-shenzha,那曲市申扎县,2022-07,0.14545
changdu-karuo,昌都市卡若区,2022-07,0.11365
changdu-luolong,昌都市洛隆县,2022-07,0.33630000000000004
changdu-leiwuqi,昌都市类乌齐县,2022-07,0.39985000000000004
changdu-jiangda,昌都市江达县,2022-07,0.7342000000000001
rikaze-xietongmen,日喀则市谢通门县,2022-07,0.17785
rikaze-jiangzi,日喀则市江孜县,2022-07,0.28255
rikaze-kangma,日喀则市康马县,2022-07,0.17665
rikaze-zhongba,日喀则市仲巴县,2022-07,0.20770000000000002
shannan-cuona,山南市措那县,2022-07,0.368
ali-gaize,阿里地区改则县,2022-07,0.082
yushu-chengduo,玉树州称多县,2022-07,0.19965000000000002
yushu-zaduo,玉树州杂多县,2022-07,0.37745
guoluo-maqin,果洛州玛沁县,2022-07,0.16475
guoluo-jiuzhi,果洛州久治县,2022-07,0.30735
haibei-gangcha,海北州刚察县,2022-07,0.24910000000000002
huangnan-zeku,黄南州泽库县,2022-07,0.3165
ganzi-shiqu,甘孜州石渠县,2022-07,0.39880000000000004
ganzi-seda,甘孜州色达县,2022-07,0.12245
aba-hongyuan,阿坝州红原县,2022-07,0.7351000000000001
gannan-luqu,甘南州碌曲县,2022-07,0.19445
naqu-bange,那曲市班戈县,2022-08,0.25620000000000004
naqu-seni,那曲市色尼区,2022-08,0.1998
naqu-nierong,那曲市聂荣县,2022-08,0.41750000000000004
naqu-anduo,那曲市安多县,2022-08,0.1487
naqu-shenzha,那曲市申扎县,2022-08,0.14980000000000002
changdu-karuo,昌都市卡若区,2022-08,0.0961
changdu-luolong,昌都市洛隆县,2022-08,0.28065
changdu-leiwuqi,昌都市类乌齐县,2022-08,0.35615
changdu-jiangda,昌都市江达县,2022-08,0.58995
rikaze-xietongmen,日喀则市谢通门县,2022-08,0.20750000000000002
rikaze-jiangzi,日喀则市江孜县,2022-08,0.2295
rikaze-kangma,日喀则市康马县,2022-08,0.26940000000000003
rikaze-zhongba,日喀则市仲巴县,2022-08,0.24695
shannan-cuona,山南市措那县,2022-08,0.2928
ali-gaize,阿里地区改则县,2022-08,0.0896
yushu-chengduo,玉树州称多县,2022-08,0.1975
yushu-zaduo,玉树州杂多县,2022-08,0.29600000000000004
guoluo-maqin,果洛州玛沁县,2022-08,0.17930000000000001
guoluo-jiuzhi,果洛州久治县,2022-08,0.20625000000000002
haibei-gangcha,海北州刚察县,2022-08,0.34045000000000003
huangnan-zeku,黄南州泽库县,2022-08,0.231
ganzi-shiqu,甘孜州石渠县,2022-08,0.28365
ganzi-seda,甘孜州色达县,2022-08,0.1039
aba-hongyuan,阿坝州红原县,2022-08,0.50675
gannan-luqu,甘南州碌曲县,2022-08,0.21135
naqu-bange,那曲市班戈县,2022-09,0.1784
naqu-seni,那曲市色尼区,2022-09,0.24745
naqu-nierong,那曲市聂荣县,2022-09,0.34935
naqu-anduo,那曲市安多县,2022-09,0.17865
naqu-shenzha,那曲市申扎县,2022-09,0.14205
changdu-karuo,昌都市卡若区,2022-09,0.09135
changdu-luolong,昌都市洛隆县,2022-09,0.268
changdu-leiwuqi,昌都市类乌齐县,2022-09,0.2569
changdu-jiangda,昌都市江达县,2022-09,0.56375
rikaze-xietongmen,日喀则市谢通门县,2022-09,0.16775
rikaze-jiangzi,日喀则市江孜县,2022-09,0.1762
rikaze-kangma,日喀则市康马县,2022-09,0.17250000000000001
rikaze-zhongba,日喀则市仲巴县,2022-09,0.19785
shannan-cuona,山南市措那县,2022-09,0.2591
ali-gaize,阿里地区改则县,2022-09,0.09525
yushu-chengduo,玉树州称多县,2022-09,0.2376
yushu-zaduo,玉树州杂多县,2022-09,0.2868
guoluo-maqin,果洛州玛沁县,2022-09,0.1275
guoluo-jiuzhi,果洛州久治县,2022-09,0.25465
haibei-gangcha,海北州刚察县,2022-09,0.19340000000000002
huangnan-zeku,黄南州泽库县,2022-09,0.19940000000000002
ganzi-shiqu,甘孜州石渠县,2022-09,0.2482
ganzi-seda,甘孜州色达县,2022-09,0.2127
aba-hongyuan,阿坝州红原县,2022-09,0.5345
gannan-luqu,甘南州碌曲县,2022-09,0.1845
naqu-bange,那曲市班戈县,2022-10,0.14150000000000001
naqu-seni,那曲市色尼区,2022-10,0.0102
naqu-nierong,那曲市聂荣县,2022-10,0.12190000000000001
naqu-anduo,那曲市安多县,2022-10,0.1067
naqu-shenzha,那曲市申扎县,2022-10,0.1068
changdu-karuo,昌都市卡若区,2022-10,0.10880000000000001
changdu-luolong,昌都市洛隆县,2022-10,0.28090000000000004
changdu-leiwuqi,昌都市类乌齐县,2022-10,0.2823
changdu-jiangda,昌都市江达县,2022-10,0.44370000000000004
rikaze-xietongmen,日喀则市谢通门县,2022-10,0.15180000000000002
rikaze-jiangzi,日喀则市江孜县,2022-10,0.11420000000000001
rikaze-kangma,日喀则市康马县,2022-10,0.149
rikaze-zhongba,日喀则市仲巴县,2022-10,0.13440000000000002
shannan-cuona,山南市措那县,2022-10,-0.0692
ali-gaize,阿里地区改则县,2022-10,0.0886
yushu-chengduo,玉树州称多县,2022-10,0.126
yushu-zaduo,玉树州杂多县,2022-10,0.2506
guoluo-maqin,果洛州玛沁县,2022-10,0.0521
guoluo-jiuzhi,果洛州久治县,2022-10,0.11810000000000001
haibei-gangcha,海北州刚察县,2022-10,0.2003
huangnan-zeku,黄南州泽库县,2022-10,0.1772
ganzi-shiqu,甘孜州石渠县,2022-10,0.1748
ganzi-seda,甘孜州色达县,2022-10,0.1353
aba-hongyuan,阿坝州红原县,2022-10,0.39740000000000003
gannan-luqu,甘南州碌曲县,2022-10,0.1183
naqu-bange,那曲市班戈县,2022-11,0.13620000000000002
naqu-seni,那曲市色尼区,2022-11,0.13655
naqu-nierong,那曲市聂荣县,2022-11,0.16175
naqu-anduo,那曲市安多县,2022-11,0.10550000000000001
naqu-shenzha,那曲市申扎县,2022-11,0.111
changdu-karuo,昌都市卡若区,2022-11,0.0887
changdu-luolong,昌都市洛隆县,2022-11,0.23955
changdu-leiwuqi,昌都市类乌齐县,2022-11,0.1875
changdu-jiangda,昌都市江达县,2022-11,0.47545000000000004
rikaze-xietongmen,日喀则市谢通门县,2022-11,0.12725
rikaze-jiangzi,日喀则市江孜县,2022-11,0.10625000000000001
rikaze-kangma,日喀则市康马县,2022-11,0.1265
rikaze-zhongba,日喀则市仲巴县,2022-11,0.14105
shannan-cuona,山南市措那县,2022-11,0.00645
ali-gaize,阿里地区改则县,2022-11,0.08320000000000001
yushu-chengduo,玉树州称多县,2022-11,0.0985
yushu-zaduo,玉树州杂多县,2022-11,0.18030000000000002
guoluo-maqin,果洛州玛沁县,2022-11,0.07665000000000001
guoluo-jiuzhi,果洛州久治县,2022-11,0.11865
haibei-gangcha,海北州刚察县,2022-11,0.1198
huangnan-zeku,黄南州泽库县,2022-11,0.1433
ganzi-shiqu,甘孜州石渠县,2022-11,0.1416
ganzi-seda,甘孜州色达县,2022-11,0.0897
aba-hongyuan,阿坝州红原县,2022-11,0.29975
gannan-luqu,甘南州碌曲县,2022-11,0.12510000000000002
naqu-bange,那曲市班戈县,2022-12,0.13025
naqu-seni,那曲市色尼区,2022-12,0.10415
naqu-nierong,那曲市聂荣县,2022-12,0.15990000000000001
naqu-anduo,那曲市安多县,2022-12,0.06455
naqu-shenzha,那曲市申扎县,2022-12,0.10490000000000001
changdu-karuo,昌都市卡若区,2022-12,0.081
changdu-luolong,昌都市洛隆县,2022-12,0.1918
changdu-leiwuqi,昌都市类乌齐县,2022-12,0.1608
changdu-jiangda,昌都市江达县,2022-12,0.3821
rikaze-xietongmen,日喀则市谢通门县,2022-12,0.12475
rikaze-jiangzi,日喀则市江孜县,2022-12,0.10535
rikaze-kangma,日喀则市康马县,2022-12,0.11565
rikaze-zhongba,日喀则市仲巴县,2022-12,0.13235
shannan-cuona,山南市措那县,2022-12,0.0256
ali-gaize,阿里地区改则县,2022-12,0.09225
yushu-chengduo,玉树州称多县,2022-12,0.09720000000000001
yushu-zaduo,玉树州杂多县,2022-12,0.13645000000000002
guoluo-maqin,果洛州玛沁县,2022-12,0.032350000000000004
guoluo-jiuzhi,果洛州久治县,2022-12,0.11800000000000001
haibei-gangcha,海北州刚察县,2022-12,0.10765000000000001
huangnan-zeku,黄南州泽库县,2022-12,0.1336
ganzi-shiqu,甘孜州石渠县,2022-12,0.16795000000000002
ganzi-seda,甘孜州色达县,2022-12,0.10625000000000001
aba-hongyuan,阿坝州红原县,2022-12,0.24655000000000002
gannan-luqu,甘南州碌曲县,2022-12,0.09685
naqu-bange,那曲市班戈县,2023-01,0.1374
naqu-seni,那曲市色尼区,2023-01,0.10350000000000001
naqu-nierong,那曲市聂荣县,2023-01,0.14575000000000002
naqu-anduo,那曲市安多县,2023-01,0.0483
naqu-shenzha,那曲市申扎县,2023-01,0.09770000000000001
changdu-karuo,昌都市卡若区,2023-01,0.10005
changdu-luolong,昌都市洛隆县,2023-01,0.18455000000000002
changdu-leiwuqi,昌都市类乌齐县,2023-01,0.1784
changdu-jiangda,昌都市江达县,2023-01,0.41895000000000004
rikaze-xietongmen,日喀则市谢通门县,2023-01,0.11495000000000001
rikaze-jiangzi,日喀则市江孜县,2023-01,0.10725000000000001
rikaze-kangma,日喀则市康马县,2023-01,0.11495000000000001
rikaze-zhongba,日喀则市仲巴县,2023-01,0.12615
shannan-cuona,山南市措那县,2023-01,0.05825
ali-gaize,阿里地区改则县,2023-01,0.05915
yushu-chengduo,玉树州称多县,2023-01,0.0731
yushu-zaduo,玉树州杂多县,2023-01,0.14985
guoluo-maqin,果洛州玛沁县,2023-01,0.06810000000000001
guoluo-jiuzhi,果洛州久治县,2023-01,0.09240000000000001
haibei-gangcha,海北州刚察县,2023-01,0.12135
huangnan-zeku,黄南州泽库县,2023-01,0.13920000000000002
ganzi-shiqu,甘孜州石渠县,2023-01,0.1184
ganzi-seda,甘孜州色达县,2023-01,0.08795
aba-hongyuan,阿坝州红原县,2023-01,0.2318
gannan-luqu,甘南州碌曲县,2023-01,0.09895000000000001
naqu-bange,那曲市班戈县,2023-02,0.12865000000000001
naqu-seni,那曲市色尼区,2023-02,0.09615
naqu-nierong,那曲市聂荣县,2023-02,0.1464
naqu-anduo,那曲市安多县,2023-02,0.09230000000000001
naqu-shenzha,那曲市申扎县,2023-02,0.0985
changdu-karuo,昌都市卡若区,2023-02,0.07995000000000001
changdu-luolong,昌都市洛隆县,2023-02,0.17335
changdu-leiwuqi,昌都市类乌齐县,2023-02,0.14435
changdu-jiangda,昌都市江达县,2023-02,0.42735
rikaze-xietongmen,日喀则市谢通门县,2023-02,0.10755
rikaze-jiangzi,日喀则市江孜县,2023-02,0.096
rikaze-kangma,日喀则市康马县,2023-02,0.09035
rikaze-zhongba,日喀则市仲巴县,2023-02,0.1194
shannan-cuona,山南市措那县,2023-02,0.11405
ali-gaize,阿里地区改则县,2023-02,0.0712
yushu-chengduo,玉树州称多县,2023-02,0.07135
yushu-zaduo,玉树州杂多县,2023-02,0.16245
guoluo-maqin,果洛州玛沁县,2023-02,0.0911
guoluo-jiuzhi,果洛州久治县,2023-02,0.11545000000000001
haibei-gangcha,海北州刚察县,2023-02,0.12090000000000001
huangnan-zeku,黄南州泽库县,2023-02,0.13720000000000002
ganzi-shiqu,甘孜州石渠县,2023-02,0.1323
ganzi-seda,甘孜州色达县,2023-02,0.09955
aba-hongyuan,阿坝州红原县,2023-02,0.23445000000000002
gannan-luqu,甘南州碌曲县,2023-02,0.09720000000000001
naqu-bange,那曲市班戈县,2023-03,0.12705
naqu-seni,那曲市色尼区,2023-03,0.0627
naqu-nierong,那曲市聂荣县,2023-03,0.10310000000000001
naqu-anduo,那曲市安多县,2023-03,0.0459
naqu-shenzha,那曲市申扎县,2023-03,0.09085
changdu-karuo,昌都市卡若区,2023-03,0.08415
changdu-luolong,昌都市洛隆县,2023-03,0.18275
changdu-leiwuqi,昌都市类乌齐县,2023-03,0.1228
changdu-jiangda,昌都市江达县,2023-03,0.54325
rikaze-xietongmen,日喀则市谢通门县,2023-03,0.11495000000000001
rikaze-jiangzi,日喀则市江孜县,2023-03,0.0921
rikaze-kangma,日喀则市康马县,2023-03,0.08875000000000001
rikaze-zhongba,日喀则市仲巴县,2023-03,0.1253
shannan-cuona,山南市措那县,2023-03,0.031650000000000005
ali-gaize,阿里地区改则县,2023-03,0.07985
yushu-chengduo,玉树州称多县,2023-03,0.058800000000000005
yushu-zaduo,玉树州杂多县,2023-03,0.1051
guoluo-maqin,果洛州玛沁县,2023-03,0.0666
guoluo-jiuzhi,果洛州久治县,2023-03,0.11945
haibei-gangcha,海北州刚察县,2023-03,0.11795
huangnan-zeku,黄南州泽库县,2023-03,0.13190000000000002
ganzi-shiqu,甘孜州石渠县,2023-03,0.11505
ganzi-seda,甘孜州色达县,2023-03,0.0898
aba-hongyuan,阿坝州红原县,2023-03,0.27185000000000004
gannan-luqu,甘南州碌曲县,2023-03,0.09375
naqu-bange,那曲市班戈县,2023-04,0.12705
naqu-seni,那曲市色尼区,2023-04,0.045700000000000005
naqu-nierong,那曲市聂荣县,2023-04,0.182
naqu-anduo,那曲市安多县,2023-04,0.05165
naqu-shenzha,那曲市申扎县,2023-04,0.08555
changdu-karuo,昌都市卡若区,2023-04,0.12515
changdu-luolong,昌都市洛隆县,2023-04,0.16025
changdu-leiwuqi,昌都市类乌齐县,2023-04,0.1973
changdu-jiangda,昌都市江达县,2023-04,0.43455000000000005
rikaze-xietongmen,日喀则市谢通门县,2023-04,0.1124
rikaze-jiangzi,日喀则市江孜县,2023-04,0.0901
rikaze-kangma,日喀则市康马县,2023-04,0.09000000000000001
rikaze-zhongba,日喀则市仲巴县,2023-04,0.1247
shannan-cuona,山南市措那县,2023-04,0.2558
ali-gaize,阿里地区改则县,2023-04,0.07390000000000001
yushu-chengduo,玉树州称多县,2023-04,0.0791
yushu-zaduo,玉树州杂多县,2023-04,0.14745
guoluo-maqin,果洛州玛沁县,2023-04,0.08020000000000001
guoluo-jiuzhi,果洛州久治县,2023-04,0.1168
haibei-gangcha,海北州刚察县,2023-04,0.1386
huangnan-zeku,黄南州泽库县,2023-04,0.15625
ganzi-shiqu,甘孜州石渠县,2023-04,0.1589
ganzi-seda,甘孜州色达县,2023-04,0.0998
aba-hongyuan,阿坝州红原县,2023-04,0.39725
gannan-luqu,甘南州碌曲县,2023-04,0.11415
naqu-bange,那曲市班戈县,2023-05,0.13855
naqu-seni,那曲市色尼区,2023-05,0.13435
naqu-nierong,那曲市聂荣县,2023-05,0.22110000000000002
naqu-anduo,那曲市安多县,2023-05,0.09895000000000001
naqu-shenzha,那曲市申扎县,2023-05,0.10095
changdu-karuo,昌都市卡若区,2023-05,0.0777
changdu-luolong,昌都市洛隆县,2023-05,0.26485000000000003
changdu-leiwuqi,昌都市类乌齐县,2023-05,0.32425000000000004
changdu-jiangda,昌都市江达县,2023-05,0.5211
rikaze-xietongmen,日喀则市谢通门县,2023-05,0.12185
rikaze-jiangzi,日喀则市江孜县,2023-05,0.112
rikaze-kangma,日喀则市康马县,2023-05,0.10365
rikaze-zhongba,日喀则市仲巴县,2023-05,0.12100000000000001
shannan-cuona,山南市措那县,2023-05,0.4247
ali-gaize,阿里地区改则县,2023-05,0.083
yushu-chengduo,玉树州称多县,2023-05,0.16845000000000002
yushu-zaduo,玉树州杂多县,2023-05,0.22935
guoluo-maqin,果洛州玛沁县,2023-05,0.07085000000000001
guoluo-jiuzhi,果洛州久治县,2023-05,0.19645
haibei-gangcha,海北州刚察县,2023-05,0.17005
huangnan-zeku,黄南州泽库县,2023-05,0.20020000000000002
ganzi-shiqu,甘孜州石渠县,2023-05,0.2265
ganzi-seda,甘孜州色达县,2023-05,0.1039
aba-hongyuan,阿坝州红原县,2023-05,0.52885
gannan-luqu,甘南州碌曲县,2023-05,0.1532
naqu-bange,那曲市班戈县,2023-06,0.24330000000000002
naqu-seni,那曲市色尼区,2023-06,0.2467
naqu-nierong,那曲市聂荣县,2023-06,0.38255
naqu-anduo,那曲市安多县,2023-06,0.16555
naqu-shenzha,那曲市申扎县,2023-06,0.15480000000000002
changdu-karuo,昌都市卡若区,2023-06,0.10165
changdu-luolong,昌都市洛隆县,2023-06,0.2797
changdu-leiwuqi,昌都市类乌齐县,2023-06,0.27825
changdu-jiangda,昌都市江达县,2023-06,0.66495
rikaze-xietongmen,日喀则市谢通门县,2023-06,0.1386
rikaze-jiangzi,日喀则市江孜县,2023-06,0.12395
rikaze-kangma,日喀则市康马县,2023-06,0.157
rikaze-zhongba,日喀则市仲巴县,2023-06,0.13655
shannan-cuona,山南市措那县,2023-06,0.42285
ali-gaize,阿里地区改则县,2023-06,0.08940000000000001
yushu-chengduo,玉树州称多县,2023-06,0.2285
yushu-zaduo,玉树州杂多县,2023-06,0.37215000000000004
guoluo-maqin,果洛州玛沁县,2023-06,0.13185
guoluo-jiuzhi,果洛州久治县,2023-06,0.2019
haibei-gangcha,海北州刚察县,2023-06,0.23045000000000002
huangnan-zeku,黄南州泽库县,2023-06,0.28300000000000003
ganzi-shiqu,甘孜州石渠县,2023-06,0.35795
ganzi-seda,甘孜州色达县,2023-06,0.2169
aba-hongyuan,阿坝州红原县,2023-06,0.64575
gannan-luqu,甘南州碌曲县,2023-06,0.2247
naqu-bange,那曲市班戈县,2023-07,0.21335
naqu-seni,那曲市色尼区,2023-07,0.22165
naqu-nierong,那曲市聂荣县,2023-07,0.5587
naqu-anduo,那曲市安多县,2023-07,0.19440000000000002
naqu-shenzha,那曲市申扎县,2023-07,0.1615
changdu-karuo,昌都市卡若区,2023-07,0.09845000000000001
changdu-luolong,昌都市洛隆县,2023-07,0.3317
changdu-leiwuqi,昌都市类乌齐县,2023-07,0.2646
changdu-jiangda,昌都市江达县,2023-07,0.641
rikaze-xietongmen,日喀则市谢通门县,2023-07,0.21245
rikaze-jiangzi,日喀则市江孜县,2023-07,0.1963
rikaze-kangma,日喀则市康马县,2023-07,0.31115000000000004
rikaze-zhongba,日喀则市仲巴县,2023-07,0.17900000000000002
shannan-cuona,山南市措那县,2023-07,0.53205
ali-gaize,阿里地区改则县,2023-07,0.08465
yushu-chengduo,玉树州称多县,2023-07,0.26130000000000003
yushu-zaduo,玉树州杂多县,2023-07,0.37570000000000003
guoluo-maqin,果洛州玛沁县,2023-07,0.301
guoluo-jiuzhi,果洛州久治县,2023-07,0.23425
haibei-gangcha,海北州刚察县,2023-07,0.26735000000000003
huangnan-zeku,黄南州泽库县,2023-07,0.25220000000000004
ganzi-shiqu,甘孜州石渠县,2023-07,0.4323
ganzi-seda,甘孜州色达县,2023-07,0.1265
aba-hongyuan,阿坝州红原县,2023-07,0.78105
gannan-luqu,甘南州碌曲县,2023-07,0.26930000000000004
naqu-bange,那曲市班戈县,2023-08,0.41615
naqu-seni,那曲市色尼区,2023-08,0.22905
naqu-nierong,那曲市聂荣县,2023-08,0.55925
naqu-anduo,那曲市安多县,2023-08,0.18480000000000002
naqu-shenzha,那曲市申扎县,2023-08,0.16135000000000002
changdu-karuo,昌都市卡若区,2023-08,0.12000000000000001
changdu-luolong,昌都市洛隆县,2023-08,0.28205
changdu-leiwuqi,昌都市类乌齐县,2023-08,0.5214
changdu-jiangda,昌都市江达县,2023-08,0.6638000000000001
rikaze-xietongmen,日喀则市谢通门县,2023-08,0.2048
rikaze-jiangzi,日喀则市江孜县,2023-08,0.2277
rikaze-kangma,日喀则市康马县,2023-08,0.23535
rikaze-zhongba,日喀则市仲巴县,2023-08,0.31135
shannan-cuona,山南市措那县,2023-08,0.50225
ali-gaize,阿里地区改则县,2023-08,0.09265000000000001
yushu-chengduo,玉树州称多县,2023-08,0.29905000000000004
yushu-zaduo,玉树州杂多县,2023-08,0.3155
guoluo-maqin,果洛州玛沁县,2023-08,0.15465
guoluo-jiuzhi,果洛州久治县,2023-08,0.2142
haibei-gangcha,海北州刚察县,2023-08,0.3497
huangnan-zeku,黄南州泽库县,2023-08,0.30015000000000003
ganzi-shiqu,甘孜州石渠县,2023-08,0.39005
ganzi-seda,甘孜州色达县,2023-08,0.1356
aba-hongyuan,阿坝州红原县,2023-08,0.6783
gannan-luqu,甘南州碌曲县,2023-08,0.20255
naqu-bange,那曲市班戈县,2023-09,0.22405
naqu-seni,那曲市色尼区,2023-09,0.20515
naqu-nierong,那曲市聂荣县,2023-09,0.40495000000000003
naqu-anduo,那曲市安多县,2023-09,0.1389
naqu-shenzha,那曲市申扎县,2023-09,0.14735
changdu-karuo,昌都市卡若区,2023-09,0.1012
changdu-luolong,昌都市洛隆县,2023-09,0.3266
changdu-leiwuqi,昌都市类乌齐县,2023-09,0.322
changdu-jiangda,昌都市江达县,2023-09,0.74155
rikaze-xietongmen,日喀则市谢通门县,2023-09,0.1749
rikaze-jiangzi,日喀则市江孜县,2023-09,0.15030000000000002
rikaze-kangma,日喀则市康马县,2023-09,0.18460000000000001
rikaze-zhongba,日喀则市仲巴县,2023-09,0.2411
shannan-cuona,山南市措那县,2023-09,0.38075000000000003
ali-gaize,阿里地区改则县,2023-09,0.0862
yushu-chengduo,玉树州称多县,2023-09,0.21430000000000002
yushu-zaduo,玉树州杂多县,2023-09,0.3008
guoluo-maqin,果洛州玛沁县,2023-09,0.20405
guoluo-jiuzhi,果洛州久治县,2023-09,0.2235
haibei-gangcha,海北州刚察县,2023-09,0.2566
huangnan-zeku,黄南州泽库县,2023-09,0.21280000000000002
ganzi-shiqu,甘孜州石渠县,2023-09,0.43305000000000005
ganzi-seda,甘孜州色达县,2023-09,0.125
aba-hongyuan,阿坝州红原县,2023-09,0.5746
gannan-luqu,甘南州碌曲县,2023-09,0.1423
naqu-bange,那曲市班戈县,2023-10,0.14500000000000002
naqu-seni,那曲市色尼区,2023-10,0.1363
naqu-nierong,那曲市聂荣县,2023-10,0.0402
naqu-anduo,那曲市安多县,2023-10,0.1012
naqu-shenzha,那曲市申扎县,2023-10,0.1155
changdu-karuo,昌都市卡若区,2023-10,0.1003
changdu-luolong,昌都市洛隆县,2023-10,0.2781
changdu-leiwuqi,昌都市类乌齐县,2023-10,0.1726
changdu-jiangda,昌都市江达县,2023-10,0.4748
rikaze-xietongmen,日喀则市谢通门县,2023-10,0.1509
rikaze-jiangzi,日喀则市江孜县,2023-10,0.1459
rikaze-kangma,日喀则市康马县,2023-10,0.1438
rikaze-zhongba,日喀则市仲巴县,2023-10,0.1595
shannan-cuona,山南市措那县,2023-10,0.28140000000000004
ali-gaize,阿里地区改则县,2023-10,0.0818
yushu-chengduo,玉树州称多县,2023-10,0.1532
yushu-zaduo,玉树州杂多县,2023-10,0.1943
guoluo-maqin,果洛州玛沁县,2023-10,0.041600000000000005
guoluo-jiuzhi,果洛州久治县,2023-10,0.1683
haibei-gangcha,海北州刚察县,2023-10,0.19640000000000002
huangnan-zeku,黄南州泽库县,2023-10,0.1769
ganzi-shiqu,甘孜州石渠县,2023-10,0.2591
ganzi-seda,甘孜州色达县,2023-10,0.13670000000000002
aba-hongyuan,阿坝州红原县,2023-10,0.328
gannan-luqu,甘南州碌曲县,2023-10,0.10840000000000001
naqu-bange,那曲市班戈县,2023-11,0.1451
naqu-seni,那曲市色尼区,2023-11,0.09805
naqu-nierong,那曲市聂荣县,2023-11,0.22915000000000002
naqu-anduo,那曲市安多县,2023-11,0.09805
naqu-shenzha,那曲市申扎县,2023-11,0.10615000000000001
changdu-karuo,昌都市卡若区,2023-11,0.1087
changdu-luolong,昌都市洛隆县,2023-11,0.1928
changdu-leiwuqi,昌都市类乌齐县,2023-11,0.27275
changdu-jiangda,昌都市江达县,2023-11,0.44565000000000005
rikaze-xietongmen,日喀则市谢通门县,2023-11,0.12905
rikaze-jiangzi,日喀则市江孜县,2023-11,0.1028
rikaze-kangma,日喀则市康马县,2023-11,0.11725000000000001
rikaze-zhongba,日喀则市仲巴县,2023-11,0.13935
shannan-cuona,山南市措那县,2023-11,0.21710000000000002
ali-gaize,阿里地区改则县,2023-11,0.060500000000000005
yushu-chengduo,玉树州称多县,2023-11,0.15765
yushu-zaduo,玉树州杂多县,2023-11,0.21405000000000002
guoluo-maqin,果洛州玛沁县,2023-11,0.0603
guoluo-jiuzhi,果洛州久治县,2023-11,0.12725
haibei-gangcha,海北州刚察县,2023-11,0.12605
huangnan-zeku,黄南州泽库县,2023-11,0.14625000000000002
ganzi-shiqu,甘孜州石渠县,2023-11,0.21225000000000002
ganzi-seda,甘孜州色达县,2023-11,0.1216
aba-hongyuan,阿坝州红原县,2023-11,0.34725
gannan-luqu,甘南州碌曲县,2023-11,0.12610000000000002
naqu-bange,那曲市班戈县,2023-12,0.13735
naqu-seni,那曲市色尼区,2023-12,0.0844
naqu-nierong,那曲市聂荣县,2023-12,0.18655000000000002
naqu-anduo,那曲市安多县,2023-12,0.0719
naqu-shenzha,那曲市申扎县,2023-12,0.09805
changdu-karuo,昌都市卡若区,2023-12,0.1278
changdu-luolong,昌都市洛隆县,2023-12,0.14980000000000002
changdu-leiwuqi,昌都市类乌齐县,2023-12,0.13470000000000001
changdu-jiangda,昌都市江达县,2023-12,0.36865000000000003
rikaze-xietongmen,日喀则市谢通门县,2023-12,0.10915000000000001
rikaze-jiangzi,日喀则市江孜县,2023-12,0.0981
rikaze-kangma,日喀则市康马县,2023-12,0.08545
rikaze-zhongba,日喀则市仲巴县,2023-12,0.1192
shannan-cuona,山南市措那县,2023-12,0.1545
ali-gaize,阿里地区改则县,2023-12,0.07350000000000001
yushu-chengduo,玉树州称多县,2023-12,0.0721
yushu-zaduo,玉树州杂多县,2023-12,0.17215
guoluo-maqin,果洛州玛沁县,2023-12,0.0777
guoluo-jiuzhi,果洛州久治县,2023-12,0.0971
haibei-gangcha,海北州刚察县,2023-12,0.12685000000000002
huangnan-zeku,黄南州泽库县,2023-12,0.13775
ganzi-shiqu,甘孜州石渠县,2023-12,0.14705000000000001
ganzi-seda,甘孜州色达县,2023-12,0.08925000000000001
aba-hongyuan,阿坝州红原县,2023-12,0.2531
gannan-luqu,甘南州碌曲县,2023-12,0.11995
naqu-bange,那曲市班戈县,2024-01,0.13355
naqu-seni,那曲市色尼区,2024-01,0.0901
naqu-nierong,那曲市聂荣县,2024-01,0.18680000000000002
naqu-anduo,那曲市安多县,2024-01,0.0111
naqu-shenzha,那曲市申扎县,2024-01,0.10020000000000001
changdu-karuo,昌都市卡若区,2024-01,0.1004
changdu-luolong,昌都市洛隆县,2024-01,0.16075
changdu-leiwuqi,昌都市类乌齐县,2024-01,0.20720000000000002
changdu-jiangda,昌都市江达县,2024-01,0.41040000000000004
rikaze-xietongmen,日喀则市谢通门县,2024-01,0.11635000000000001
rikaze-jiangzi,日喀则市江孜县,2024-01,0.10540000000000001
rikaze-kangma,日喀则市康马县,2024-01,0.10215
rikaze-zhongba,日喀则市仲巴县,2024-01,0.12385
shannan-cuona,山南市措那县,2024-01,0.23465
ali-gaize,阿里地区改则县,2024-01,0.07445
yushu-chengduo,玉树州称多县,2024-01,0.08315
yushu-zaduo,玉树州杂多县,2024-01,0.26185
guoluo-maqin,果洛州玛沁县,2024-01,0.06015
guoluo-jiuzhi,果洛州久治县,2024-01,0.1115
haibei-gangcha,海北州刚察县,2024-01,0.11275
huangnan-zeku,黄南州泽库县,2024-01,0.13090000000000002
ganzi-shiqu,甘孜州石渠县,2024-01,0.14450000000000002
ganzi-seda,甘孜州色达县,2024-01,0.1067
aba-hongyuan,阿坝州红原县,2024-01,0.27595000000000003
gannan-luqu,甘南州碌曲县,2024-01,0.09705000000000001
naqu-bange,那曲市班戈县,2024-02,0.13285
naqu-seni,那曲市色尼区,2024-02,0.0994
naqu-nierong,那曲市聂荣县,2024-02,0.18175
naqu-anduo,那曲市安多县,2024-02,0.07640000000000001
naqu-shenzha,那曲市申扎县,2024-02,0.09915
changdu-karuo,昌都市卡若区,2024-02,0.09835
changdu-luolong,昌都市洛隆县,2024-02,0.1809
changdu-leiwuqi,昌都市类乌齐县,2024-02,0.1905
changdu-jiangda,昌都市江达县,2024-02,0.40385000000000004
rikaze-xietongmen,日喀则市谢通门县,2024-02,0.09905
rikaze-jiangzi,日喀则市江孜县,2024-02,0.0998
rikaze-kangma,日喀则市康马县,2024-02,0.08495
rikaze-zhongba,日喀则市仲巴县,2024-02,0.14780000000000001
shannan-cuona,山南市措那县,2024-02,0.20535
ali-gaize,阿里地区改则县,2024-02,0.0644
yushu-chengduo,玉树州称多县,2024-02,0.0796
yushu-zaduo,玉树州杂多县,2024-02,0.18180000000000002
guoluo-maqin,果洛州玛沁县,2024-02,0.0952
guoluo-jiuzhi,果洛州久治县,2024-02,0.09455000000000001
haibei-gangcha,海北州刚察县,2024-02,0.11425
huangnan-zeku,黄南州泽库县,2024-02,0.14335
ganzi-shiqu,甘孜州石渠县,2024-02,0.1557
ganzi-seda,甘孜州色达县,2024-02,0.10635
aba-hongyuan,阿坝州红原县,2024-02,0.26030000000000003
gannan-luqu,甘南州碌曲县,2024-02,0.10785
naqu-bange,那曲市班戈县,2024-03,0.12925
naqu-seni,那曲市色尼区,2024-03,0.116
naqu-nierong,那曲市聂荣县,2024-03,0.18445
naqu-anduo,那曲市安多县,2024-03,0.050300000000000004
naqu-shenzha,那曲市申扎县,2024-03,0.09185
changdu-karuo,昌都市卡若区,2024-03,0.0821
changdu-luolong,昌都市洛隆县,2024-03,0.17055
changdu-leiwuqi,昌都市类乌齐县,2024-03,0.1317
changdu-jiangda,昌都市江达县,2024-03,0.41695000000000004
rikaze-xietongmen,日喀则市谢通门县,2024-03,0.10075
rikaze-jiangzi,日喀则市江孜县,2024-03,0.09505000000000001
rikaze-kangma,日喀则市康马县,2024-03,0.09230000000000001
rikaze-zhongba,日喀则市仲巴县,2024-03,0.1285
shannan-cuona,山南市措那县,2024-03,0.0876
ali-gaize,阿里地区改则县,2024-03,0.06365
yushu-chengduo,玉树州称多县,2024-03,0.0829
yushu-zaduo,玉树州杂多县,2024-03,0.13685
guoluo-maqin,果洛州玛沁县,2024-03,0.056650000000000006
guoluo-jiuzhi,果洛州久治县,2024-03,0.1192
haibei-gangcha,海北州刚察县,2024-03,0.1325
huangnan-zeku,黄南州泽库县,2024-03,0.13615
ganzi-shiqu,甘孜州石渠县,2024-03,0.1507
ganzi-seda,甘孜州色达县,2024-03,0.10435
aba-hongyuan,阿坝州红原县,2024-03,0.27865
gannan-luqu,甘南州碌曲县,2024-03,0.0916
naqu-bange,那曲市班戈县,2024-04,0.13265000000000002
naqu-seni,那曲市色尼区,2024-04,0.11380000000000001
naqu-nierong,那曲市聂荣县,2024-04,0.16625
naqu-anduo,那曲市安多县,2024-04,0.09280000000000001
naqu-shenzha,那曲市申扎县,2024-04,0.09895000000000001
changdu-karuo,昌都市卡若区,2024-04,0.07695
changdu-luolong,昌都市洛隆县,2024-04,0.1593
changdu-leiwuqi,昌都市类乌齐县,2024-04,0.14145000000000002
changdu-jiangda,昌都市江达县,2024-04,0.47125
rikaze-xietongmen,日喀则市谢通门县,2024-04,0.12185
rikaze-jiangzi,日喀则市江孜县,2024-04,0.0998
rikaze-kangma,日喀则市康马县,2024-04,0.08795
rikaze-zhongba,日喀则市仲巴县,2024-04,0.12660000000000002
shannan-cuona,山南市措那县,2024-04,0.054950000000000006
ali-gaize,阿里地区改则县,2024-04,0.0591
yushu-chengduo,玉树州称多县,2024-04,0.1024
yushu-zaduo,玉树州杂多县,2024-04,0.14200000000000002
guoluo-maqin,果洛州玛沁县,2024-04,0.11765
guoluo-jiuzhi,果洛州久治县,2024-04,0.13635
haibei-gangcha,海北州刚察县,2024-04,0.13240000000000002
huangnan-zeku,黄南州泽库县,2024-04,0.15965000000000001
ganzi-shiqu,甘孜州石渠县,2024-04,0.16705
ganzi-seda,甘孜州色达县,2024-04,0.10060000000000001
aba-hongyuan,阿坝州红原县,2024-04,0.42300000000000004
gannan-luqu,甘南州碌曲县,2024-04,0.12290000000000001
naqu-bange,那曲市班戈县,2024-05,0.17565
naqu-seni,那曲市色尼区,2024-05,0.1562
naqu-nierong,那曲市聂荣县,2024-05,0.33380000000000004
naqu-anduo,那曲市安多县,2024-05,0.13440000000000002
naqu-shenzha,那曲市申扎县,2024-05,0.0864
changdu-karuo,昌都市卡若区,2024-05,0.1468
changdu-luolong,昌都市洛隆县,2024-05,0.30260000000000004
changdu-leiwuqi,昌都市类乌齐县,2024-05,0.18965
changdu-jiangda,昌都市江达县,2024-05,0.5671
rikaze-xietongmen,日喀则市谢通门县,2024-05,0.14585
rikaze-jiangzi,日喀则市江孜县,2024-05,0.11620000000000001
rikaze-kangma,日喀则市康马县,2024-05,0.1177
rikaze-zhongba,日喀则市仲巴县,2024-05,0.13165000000000002
shannan-cuona,山南市措那县,2024-05,0.34765
ali-gaize,阿里地区改则县,2024-05,0.0741
yushu-chengduo,玉树州称多县,2024-05,0.15575
yushu-zaduo,玉树州杂多县,2024-05,0.24285
guoluo-maqin,果洛州玛沁县,2024-05,0.10705
guoluo-jiuzhi,果洛州久治县,2024-05,0.23825000000000002
haibei-gangcha,海北州刚察县,2024-05,0.23620000000000002
huangnan-zeku,黄南州泽库县,2024-05,0.2058
ganzi-shiqu,甘孜州石渠县,2024-05,0.20650000000000002
ganzi-seda,甘孜州色达县,2024-05,0.16765000000000002
aba-hongyuan,阿坝州红原县,2024-05,0.55665
gannan-luqu,甘南州碌曲县,2024-05,0.17435
naqu-bange,那曲市班戈县,2024-06,0.2106
naqu-seni,那曲市色尼区,2024-06,0.20065000000000002
naqu-nierong,那曲市聂荣县,2024-06,0.36065
naqu-anduo,那曲市安多县,2024-06,0.18645
naqu-shenzha,那曲市申扎县,2024-06,0.12655
changdu-karuo,昌都市卡若区,2024-06,0.0771
changdu-luolong,昌都市洛隆县,2024-06,0.32685000000000003
changdu-leiwuqi,昌都市类乌齐县,2024-06,0.2479
changdu-jiangda,昌都市江达县,2024-06,0.65685
rikaze-xietongmen,日喀则市谢通门县,2024-06,0.17425000000000002
rikaze-jiangzi,日喀则市江孜县,2024-06,0.23770000000000002
rikaze-kangma,日喀则市康马县,2024-06,0.19590000000000002
rikaze-zhongba,日喀则市仲巴县,2024-06,0.14955000000000002
shannan-cuona,山南市措那县,2024-06,0.3971
ali-gaize,阿里地区改则县,2024-06,0.07665000000000001
yushu-chengduo,玉树州称多县,2024-06,0.20170000000000002
yushu-zaduo,玉树州杂多县,2024-06,0.36960000000000004
guoluo-maqin,果洛州玛沁县,2024-06,0.13805
guoluo-jiuzhi,果洛州久治县,2024-06,0.23975000000000002
haibei-gangcha,海北州刚察县,2024-06,0.37765000000000004
huangnan-zeku,黄南州泽库县,2024-06,0.27615
ganzi-shiqu,甘孜州石渠县,2024-06,0.3422
ganzi-seda,甘孜州色达县,2024-06,0.24895
aba-hongyuan,阿坝州红原县,2024-06,0.45790000000000003
gannan-luqu,甘南州碌曲县,2024-06,0.18435
naqu-bange,那曲市班戈县,2024-07,0.3297
naqu-seni,那曲市色尼区,2024-07,0.25215
naqu-nierong,那曲市聂荣县,2024-07,0.5957
naqu-anduo,那曲市安多县,2024-07,0.2083
naqu-shenzha,那曲市申扎县,2024-07,0.16105
changdu-karuo,昌都市卡若区,2024-07,0.11905
changdu-luolong,昌都市洛隆县,2024-07,0.274
changdu-leiwuqi,昌都市类乌齐县,2024-07,0.5704
changdu-jiangda,昌都市江达县,2024-07,0.64125
rikaze-xietongmen,日喀则市谢通门县,2024-07,0.22990000000000002
rikaze-jiangzi,日喀则市江孜县,2024-07,0.2214
rikaze-kangma,日喀则市康马县,2024-07,0.23285
rikaze-zhongba,日喀则市仲巴县,2024-07,0.17335
shannan-cuona,山南市措那县,2024-07,0.6747000000000001
ali-gaize,阿里地区改则县,2024-07,0.07490000000000001
yushu-chengduo,玉树州称多县,2024-07,0.18355000000000002
yushu-zaduo,玉树州杂多县,2024-07,0.46435000000000004
guoluo-maqin,果洛州玛沁县,2024-07,0.1555
guoluo-jiuzhi,果洛州久治县,2024-07,0.2466
haibei-gangcha,海北州刚察县,2024-07,0.2333
huangnan-zeku,黄南州泽库县,2024-07,0.33440000000000003
ganzi-shiqu,甘孜州石渠县,2024-07,0.49425
ganzi-seda,甘孜州色达县,2024-07,0.1489
aba-hongyuan,阿坝州红原县,2024-07,0.68235
gannan-luqu,甘南州碌曲县,2024-07,0.32915
naqu-bange,那曲市班戈县,2024-08,0.39505
naqu-seni,那曲市色尼区,2024-08,0.24355000000000002
naqu-nierong,那曲市聂荣县,2024-08,0.43375
naqu-anduo,那曲市安多县,2024-08,0.1784
naqu-shenzha,那曲市申扎县,2024-08,0.16640000000000002
changdu-karuo,昌都市卡若区,2024-08,0.13565
changdu-luolong,昌都市洛隆县,2024-08,0.31010000000000004
changdu-leiwuqi,昌都市类乌齐县,2024-08,0.4111
changdu-jiangda,昌都市江达县,2024-08,0.6993
rikaze-xietongmen,日喀则市谢通门县,2024-08,0.23435
rikaze-jiangzi,日喀则市江孜县,2024-08,0.24335
rikaze-kangma,日喀则市康马县,2024-08,0.20805
rikaze-zhongba,日喀则市仲巴县,2024-08,0.3003
shannan-cuona,山南市措那县,2024-08,0.5850000000000001
ali-gaize,阿里地区改则县,2024-08,0.0775
yushu-chengduo,玉树州称多县,2024-08,0.2179
yushu-zaduo,玉树州杂多县,2024-08,0.29685
guoluo-maqin,果洛州玛沁县,2024-08,0.18815
guoluo-jiuzhi,果洛州久治县,2024-08,0.248
haibei-gangcha,海北州刚察县,2024-08,0.2995
huangnan-zeku,黄南州泽库县,2024-08,0.3032
ganzi-shiqu,甘孜州石渠县,2024-08,0.28900000000000003
ganzi-seda,甘孜州色达县,2024-08,0.13315000000000002
aba-hongyuan,阿坝州红原县,2024-08,0.59995
gannan-luqu,甘南州碌曲县,2024-08,0.24145
naqu-bange,那曲市班戈县,2024-09,0.19410000000000002
naqu-seni,那曲市色尼区,2024-09,0.1706
naqu-nierong,那曲市聂荣县,2024-09,0.43365000000000004
naqu-anduo,那曲市安多县,2024-09,0.16570000000000001
naqu-shenzha,那曲市申扎县,2024-09,0.14365
changdu-karuo,昌都市卡若区,2024-09,0.10085000000000001
changdu-luolong,昌都市洛隆县,2024-09,0.2467
changdu-leiwuqi,昌都市类乌齐县,2024-09,0.20445000000000002
changdu-jiangda,昌都市江达县,2024-09,0.7295
rikaze-xietongmen,日喀则市谢通门县,2024-09,0.18100000000000002
rikaze-jiangzi,日喀则市江孜县,2024-09,0.15595
rikaze-kangma,日喀则市康马县,2024-09,0.22240000000000001
rikaze-zhongba,日喀则市仲巴县,2024-09,0.26085
shannan-cuona,山南市措那县,2024-09,0.3205
ali-gaize,阿里地区改则县,2024-09,0.0751
yushu-chengduo,玉树州称多县,2024-09,0.19895000000000002
yushu-zaduo,玉树州杂多县,2024-09,0.25995
guoluo-maqin,果洛州玛沁县,2024-09,0.1525
guoluo-jiuzhi,果洛州久治县,2024-09,0.18965
haibei-gangcha,海北州刚察县,2024-09,0.21675
huangnan-zeku,黄南州泽库县,2024-09,0.24145
ganzi-shiqu,甘孜州石渠县,2024-09,0.2474
ganzi-seda,甘孜州色达县,2024-09,0.15125
aba-hongyuan,阿坝州红原县,2024-09,0.38365
gannan-luqu,甘南州碌曲县,2024-09,0.13795000000000002
naqu-bange,那曲市班戈县,2024-10,0.15
naqu-seni,那曲市色尼区,2024-10,0.10655
naqu-nierong,那曲市聂荣县,2024-10,0.2589
naqu-anduo,那曲市安多县,2024-10,0.12010000000000001
naqu-shenzha,那曲市申扎县,2024-10,0.1231
changdu-karuo,昌都市卡若区,2024-10,0.07970000000000001
changdu-luolong,昌都市洛隆县,2024-10,0.23155
changdu-leiwuqi,昌都市类乌齐县,2024-10,0.2167
changdu-jiangda,昌都市江达县,2024-10,0.3604
rikaze-xietongmen,日喀则市谢通门县,2024-10,0.1568
rikaze-jiangzi,日喀则市江孜县,2024-10,0.15715
rikaze-kangma,日喀则市康马县,2024-10,0.16290000000000002
rikaze-zhongba,日喀则市仲巴县,2024-10,0.17215
shannan-cuona,山南市措那县,2024-10,0.21715
ali-gaize,阿里地区改则县,2024-10,0.0685
yushu-chengduo,玉树州称多县,2024-10,0.1413
yushu-zaduo,玉树州杂多县,2024-10,0.22305
guoluo-maqin,果洛州玛沁县,2024-10,0.0776
guoluo-jiuzhi,果洛州久治县,2024-10,0.15375
haibei-gangcha,海北州刚察县,2024-10,0.17515
huangnan-zeku,黄南州泽库县,2024-10,0.1796
ganzi-shiqu,甘孜州石渠县,2024-10,0.14200000000000002
ganzi-seda,甘孜州色达县,2024-10,0.09905
aba-hongyuan,阿坝州红原县,2024-10,0.34335000000000004
gannan-luqu,甘南州碌曲县,2024-10,0.11505
naqu-bange,那曲市班戈县,2024-11,0.1371
naqu-seni,那曲市色尼区,2024-11,0.1355
naqu-nierong,那曲市聂荣县,2024-11,0.2109
naqu-anduo,那曲市安多县,2024-11,0.0828
naqu-shenzha,那曲市申扎县,2024-11,0.12300000000000001
changdu-karuo,昌都市卡若区,2024-11,0.0658
changdu-luolong,昌都市洛隆县,2024-11,0.1668
changdu-leiwuqi,昌都市类乌齐县,2024-11,0.1652
changdu-jiangda,昌都市江达县,2024-11,0.3635
rikaze-xietongmen,日喀则市谢通门县,2024-11,0.1288
rikaze-jiangzi,日喀则市江孜县,2024-11,0.1014
rikaze-kangma,日喀则市康马县,2024-11,0.10500000000000001
rikaze-zhongba,日喀则市仲巴县,2024-11,0.1405
shannan-cuona,山南市措那县,2024-11,0.2242
ali-gaize,阿里地区改则县,2024-11,0.0644
yushu-chengduo,玉树州称多县,2024-11,0.0708
yushu-zaduo,玉树州杂多县,2024-11,0.1819
guoluo-maqin,果洛州玛沁县,2024-11,0.08940000000000001
guoluo-jiuzhi,果洛州久治县,2024-11,0.15910000000000002
haibei-gangcha,海北州刚察县,2024-11,0.1308
huangnan-zeku,黄南州泽库县,2024-11,0.1246
ganzi-shiqu,甘孜州石渠县,2024-11,0.1019
ganzi-seda,甘孜州色达县,2024-11,0.0717
aba-hongyuan,阿坝州红原县,2024-11,0.2859
gannan-luqu,甘南州碌曲县,2024-11,0.15560000000000002
naqu-bange,那曲市班戈县,2024-12,0.14150000000000001
naqu-seni,那曲市色尼区,2024-12,0.10445
naqu-nierong,那曲市聂荣县,2024-12,0.19975
naqu-anduo,那曲市安多县,2024-12,0.08460000000000001
naqu-shenzha,那曲市申扎县,2024-12,0.09665
changdu-karuo,昌都市卡若区,2024-12,0.08270000000000001
changdu-luolong,昌都市洛隆县,2024-12,0.18030000000000002
changdu-leiwuqi,昌都市类乌齐县,2024-12,0.18835000000000002
changdu-jiangda,昌都市江达县,2024-12,0.2777
rikaze-xietongmen,日喀则市谢通门县,2024-12,0.11225
rikaze-jiangzi,日喀则市江孜县,2024-12,0.10205
rikaze-kangma,日喀则市康马县,2024-12,0.11030000000000001
rikaze-zhongba,日喀则市仲巴县,2024-12,0.13490000000000002
shannan-cuona,山南市措那县,2024-12,0.1653
ali-gaize,阿里地区改则县,2024-12,0.06380000000000001
yushu-chengduo,玉树州称多县,2024-12,0.10055
yushu-zaduo,玉树州杂多县,2024-12,0.18065
guoluo-maqin,果洛州玛沁县,2024-12,0.0646
guoluo-jiuzhi,果洛州久治县,2024-12,0.09935000000000001
haibei-gangcha,海北州刚察县,2024-12,0.1467
huangnan-zeku,黄南州泽库县,2024-12,0.1283
ganzi-shiqu,甘孜州石渠县,2024-12,0.1479
ganzi-seda,甘孜州色达县,2024-12,0.09285
aba-hongyuan,阿坝州红原县,2024-12,0.2897
gannan-luqu,甘南州碌曲县,2024-12,0.1038
