region_id,region_name,date,snow_cover
naqu-bange,那曲市班戈县,2020-01,1.4545454545454546
naqu-seni,那曲市色尼区,2020-01,17.083333333333332
naqu-nierong,那曲市聂荣县,2020-01,3.357142857142857
naqu-anduo,那曲市安多县,2020-01,14.692307692307692
naqu-shenzha,那曲市申扎县,2020-01,1.1764705882352942
changdu-karuo,昌都市卡若区,2020-01,3.85
changdu-luolong,昌都市洛隆县,2020-01,3.823529411764706
changdu-leiwuqi,昌都市类乌齐县,2020-01,10.214285714285714
changdu-jiangda,昌都市江达县,2020-01,0.0
rikaze-xietongmen,日喀则市谢通门县,2020-01,0.0
rikaze-jiangzi,日喀则市江孜县,2020-01,0.0
rikaze-kangma,日喀则市康马县,2020-01,0.0
rikaze-zhongba,日喀则市仲巴县,2020-01,2.727272727272727
shannan-cuona,山南市措那县,2020-01,15.428571428571429
ali-gaize,阿里地区改则县,2020-01,0.0
yushu-chengduo,玉树州称多县,2020-01,5.75
yushu-zaduo,玉树州杂多县,2020-01,24.375
guoluo-maqin,果洛州玛沁县,2020-01,0.0
guoluo-jiuzhi,果洛州久治县,2020-01,11.7
haibei-gangcha,海北州刚察县,2020-01,4.857142857142857
huangnan-zeku,黄南州泽库县,2020-01,7.0
ganzi-shiqu,甘孜州石渠县,2020-01,19.4
ganzi-seda,甘孜州色达县,2020-01,0.0
aba-hongyuan,阿坝州红原县,2020-01,0.6190476190476191
gannan-luqu,甘南州碌曲县,2020-01,10.333333333333334
naqu-bange,那曲市班戈县,2020-02,1.826086956521739
naqu-seni,那曲市色尼区,2020-02,0.55
naqu-nierong,那曲市聂荣县,2020-02,1.105263157894737
naqu-anduo,那曲市安多县,2020-02,0.0
naqu-shenzha,那曲市申扎县,2020-02,0.0
changdu-karuo,昌都市卡若区,2020-02,0.55
changdu-luolong,昌都市洛隆县,2020-02,0.7692307692307693
changdu-leiwuqi,昌都市类乌齐县,2020-02,0.8125
changdu-jiangda,昌都市江达县,2020-02,0.0
rikaze-xietongmen,日喀则市谢通门县,2020-02,0.0
rikaze-jiangzi,日喀则市江孜县,2020-02,0.0
rikaze-kangma,日喀则市康马县,2020-02,0.4230769230769231
rikaze-zhongba,日喀则市仲巴县,2020-02,2.3333333333333335
shannan-cuona,山南市措那县,2020-02,3.0434782608695654
ali-gaize,阿里地区改则县,2020-02,0.0
yushu-chengduo,玉树州称多县,2020-02,3.857142857142857
yushu-zaduo,玉树州杂多县,2020-02,6.8
guoluo-maqin,果洛州玛沁县,2020-02,0.0
guoluo-jiuzhi,果洛州久治县,2020-02,2.8421052631578947
haibei-gangcha,海北州刚察县,2020-02,0.0
huangnan-zeku,黄南州泽库县,2020-02,1.0
ganzi-shiqu,甘孜州石渠县,2020-02,17.88888888888889
ganzi-seda,甘孜州色达县,2020-02,2.642857142857143
aba-hongyuan,阿坝州红原县,2020-02,7.0
gannan-luqu,甘南州碌曲县,2020-02,0.0
naqu-bange,那曲市班戈县,2020-03,2.6363636363636362
naqu-seni,那曲市色尼区,2020-03,1.8125
naqu-nierong,那曲市聂荣县,2020-03,1.2105263157894737
naqu-anduo,那曲市安多县,2020-03,5.2631578947368425
naqu-shenzha,那曲市申扎县,2020-03,0.0
changdu-karuo,昌都市卡若区,2020-03,0.0
changdu-luolong,昌都市洛隆县,2020-03,0.0
changdu-leiwuqi,昌都市类乌齐县,2020-03,0.0
changdu-jiangda,昌都市江达县,2020-03,0.0
rikaze-xietongmen,日喀则市谢通门县,2020-03,0.0
rikaze-jiangzi,日喀则市江孜县,2020-03,0.0
rikaze-kangma,日喀则市康马县,2020-03,2.5454545454545454
rikaze-zhongba,日喀则市仲巴县,2020-03,3.3333333333333335
shannan-cuona,山南市措那县,2020-03,8.666666666666666
ali-gaize,阿里地区改则县,2020-03,0.0
yushu-chengduo,玉树州称多县,2020-03,0.0
yushu-zaduo,玉树州杂多县,2020-03,0.0
guoluo-maqin,果洛州玛沁县,2020-03,0.0
guoluo-jiuzhi,果洛州久治县,2020-03,5.75
haibei-gangcha,海北州刚察县,2020-03,0.0
huangnan-zeku,黄南州泽库县,2020-03,5.176470588235294
ganzi-shiqu,甘孜州石渠县,2020-03,6.846153846153846
ganzi-seda,甘孜州色达县,2020-03,0.0
aba-hongyuan,阿坝州红原县,2020-03,3.7222222222222223
gannan-luqu,甘南州碌曲县,2020-03,0.0
naqu-bange,那曲市班戈县,2020-04,1.2
naqu-seni,那曲市色尼区,2020-04,0.0
naqu-nierong,那曲市聂荣县,2020-04,5.5
naqu-anduo,那曲市安多县,2020-04,0.0
naqu-shenzha,那曲市申扎县,2020-04,0.0
changdu-karuo,昌都市卡若区,2020-04,0.0
changdu-luolong,昌都市洛隆县,2020-04,0.0
changdu-leiwuqi,昌都市类乌齐县,2020-04,0.0
changdu-jiangda,昌都市江达县,2020-04,0.0
rikaze-xietongmen,日喀则市谢通门县,2020-04,0.7391304347826086
rikaze-jiangzi,日喀则市江孜县,2020-04,0.0
rikaze-kangma,日喀则市康马县,2020-04,0.6363636363636364
rikaze-zhongba,日喀则市仲巴县,2020-04,0.0
shannan-cuona,山南市措那县,2020-04,10.0
ali-gaize,阿里地区改则县,2020-04,0.0
yushu-chengduo,玉树州称多县,2020-04,0.0
yushu-zaduo,玉树州杂多县,2020-04,0.0
guoluo-maqin,果洛州玛沁县,2020-04,0.0
guoluo-jiuzhi,果洛州久治县,2020-04,0.0
haibei-gangcha,海北州刚察县,2020-04,0.0
huangnan-zeku,黄南州泽库县,2020-04,1.0833333333333333
ganzi-shiqu,甘孜州石渠县,2020-04,0.0
ganzi-seda,甘孜州色达县,2020-04,3.25
aba-hongyuan,阿坝州红原县,2020-04,2.272727272727273
gannan-luqu,甘南州碌曲县,2020-04,0.0
naqu-bange,那曲市班戈县,2020-05,0.0
naqu-seni,那曲市色尼区,2020-05,0.0
naqu-nierong,那曲市聂荣县,2020-05,15.0
naqu-anduo,那曲市安多县,2020-05,2.6923076923076925
naqu-shenzha,那曲市申扎县,2020-05,0.0
changdu-karuo,昌都市卡若区,2020-05,2.5714285714285716
changdu-luolong,昌都市洛隆县,2020-05,0.0
changdu-leiwuqi,昌都市类乌齐县,2020-05,0.0
changdu-jiangda,昌都市江达县,2020-05,0.0
rikaze-xietongmen,日喀则市谢通门县,2020-05,1.8333333333333333
rikaze-jiangzi,日喀则市江孜县,2020-05,0.0
rikaze-kangma,日喀则市康马县,2020-05,0.0
rikaze-zhongba,日喀则市仲巴县,2020-05,0.0
shannan-cuona,山南市措那县,2020-05,0.0
ali-gaize,阿里地区改则县,2020-05,0.0
yushu-chengduo,玉树州称多县,2020-05,0.0
yushu-zaduo,玉树州杂多县,2020-05,0.0
guoluo-maqin,果洛州玛沁县,2020-05,0.0
guoluo-jiuzhi,果洛州久治县,2020-05,0.0
haibei-gangcha,海北州刚察县,2020-05,0.0
huangnan-zeku,黄南州泽库县,2020-05,3.0
ganzi-shiqu,甘孜州石渠县,2020-05,0.0
ganzi-seda,甘孜州色达县,2020-05,0.0
aba-hongyuan,阿坝州红原县,2020-05,7.285714285714286
gannan-luqu,甘南州碌曲县,2020-05,0.0
naqu-bange,那曲市班戈县,2020-06,3.7222222222222223
naqu-seni,那曲市色尼区,2020-06,0.0
naqu-nierong,那曲市聂荣县,2020-06,0.0
naqu-anduo,那曲市安多县,2020-06,6.5
naqu-shenzha,那曲市申扎县,2020-06,0.0
changdu-karuo,昌都市卡若区,2020-06,0.0
changdu-luolong,昌都市洛隆县,2020-06,0.0
changdu-leiwuqi,昌都市类乌齐县,2020-06,0.0
changdu-jiangda,昌都市江达县,2020-06,0.0
rikaze-xietongmen,日喀则市谢通门县,2020-06,0.0
rikaze-jiangzi,日喀则市江孜县,2020-06,0.0
rikaze-kangma,日喀则市康马县,2020-06,0.0
rikaze-zhongba,日喀则市仲巴县,2020-06,0.0
shannan-cuona,山南市措那县,2020-06,0.0
ali-gaize,阿里地区改则县,2020-06,0.0
yushu-chengduo,玉树州称多县,2020-06,0.0
yushu-zaduo,玉树州杂多县,2020-06,0.0
guoluo-maqin,果洛州玛沁县,2020-06,0.0
guoluo-jiuzhi,果洛州久治县,2020-06,0.0
haibei-gangcha,海北州刚察县,2020-06,0.0
huangnan-zeku,黄南州泽库县,2020-06,0.0
ganzi-shiqu,甘孜州石渠县,2020-06,0.0
ganzi-seda,甘孜州色达县,2020-06,0.0
aba-hongyuan,阿坝州红原县,2020-06,0.0
gannan-luqu,甘南州碌曲县,2020-06,0.0
naqu-bange,那曲市班戈县,2020-07,2.923076923076923
naqu-seni,那曲市色尼区,2020-07,0.0
naqu-nierong,那曲市聂荣县,2020-07,0.0
naqu-anduo,那曲市安多县,2020-07,0.0
naqu-shenzha,那曲市申扎县,2020-07,0.0
changdu-karuo,昌都市卡若区,2020-07,0.0
changdu-luolong,昌都市洛隆县,2020-07,0.0
changdu-leiwuqi,昌都市类乌齐县,2020-07,0.0
changdu-jiangda,昌都市江达县,2020-07,0.0
rikaze-xietongmen,日喀则市谢通门县,2020-07,0.0
rikaze-jiangzi,日喀则市江孜县,2020-07,0.0
rikaze-kangma,日喀则市康马县,2020-07,0.0
rikaze-zhongba,日喀则市仲巴县,2020-07,0.0
shannan-cuona,山南市措那县,2020-07,0.0
ali-gaize,阿里地区改则县,2020-07,0.0
yushu-chengduo,玉树州称多县,2020-07,0.0
yushu-zaduo,玉树州杂多县,2020-07,0.0
guoluo-maqin,果洛州玛沁县,2020-07,0.0
guoluo-jiuzhi,果洛州久治县,2020-07,0.0
haibei-gangcha,海北州刚察县,2020-07,0.0
huangnan-zeku,黄南州泽库县,2020-07,0.0
ganzi-shiqu,甘孜州石渠县,2020-07,0.0
ganzi-seda,甘孜州色达县,2020-07,0.0
aba-hongyuan,阿坝州红原县,2020-07,0.0
gannan-luqu,甘南州碌曲县,2020-07,0.0
naqu-bange,那曲市班戈县,2020-08,0.0
naqu-seni,那曲市色尼区,2020-08,0.0
naqu-nierong,那曲市聂荣县,2020-08,0.0
naqu-anduo,那曲市安多县,2020-08,0.0
naqu-shenzha,那曲市申扎县,2020-08,0.0
changdu-karuo,昌都市卡若区,2020-08,0.0
changdu-luolong,昌都市洛隆县,2020-08,0.0
changdu-leiwuqi,昌都市类乌齐县,2020-08,0.0
changdu-jiangda,昌都市江达县,2020-08,0.0
rikaze-xietongmen,日喀则市谢通门县,2020-08,0.0
rikaze-jiangzi,日喀则市江孜县,2020-08,0.0
rikaze-kangma,日喀则市康马县,2020-08,0.0
rikaze-zhongba,日喀则市仲巴县,2020-08,0.0
shannan-cuona,山南市措那县,2020-08,0.0
ali-gaize,阿里地区改则县,2020-08,0.0
yushu-chengduo,玉树州称多县,2020-08,0.0
yushu-zaduo,玉树州杂多县,2020-08,0.0
guoluo-maqin,果洛州玛沁县,2020-08,0.0
guoluo-jiuzhi,果洛州久治县,2020-08,0.0
haibei-gangcha,海北州刚察县,2020-08,0.0
huangnan-zeku,黄南州泽库县,2020-08,0.0
ganzi-shiqu,甘孜州石渠县,2020-08,0.0
ganzi-seda,甘孜州色达县,2020-08,0.0
aba-hongyuan,阿坝州红原县,2020-08,0.0
gannan-luqu,甘南州碌曲县,2020-08,0.0
naqu-bange,那曲市班戈县,2020-09,0.0
naqu-seni,那曲市色尼区,2020-09,0.0
naqu-nierong,那曲市聂荣县,2020-09,0.0
naqu-anduo,那曲市安多县,2020-09,0.0
naqu-shenzha,那曲市申扎县,2020-09,0.0
changdu-karuo,昌都市卡若区,2020-09,0.0
changdu-luolong,昌都市洛隆县,2020-09,0.0
changdu-leiwuqi,昌都市类乌齐县,2020-09,0.0
changdu-jiangda,昌都市江达县,2020-09,0.0
rikaze-xietongmen,日喀则市谢通门县,2020-09,0.0
rikaze-jiangzi,日喀则市江孜县,2020-09,0.0
rikaze-kangma,日喀则市康马县,2020-09,0.0
rikaze-zhongba,日喀则市仲巴县,2020-09,0.0
shannan-cuona,山南市措那县,2020-09,0.0
ali-gaize,阿里地区改则县,2020-09,0.0
yushu-chengduo,玉树州称多县,2020-09,0.0
yushu-zaduo,玉树州杂多县,2020-09,0.0
guoluo-maqin,果洛州玛沁县,2020-09,0.0
guoluo-jiuzhi,果洛州久治县,2020-09,0.0
haibei-gangcha,海北州刚察县,2020-09,0.0
huangnan-zeku,黄南州泽库县,2020-09,0.0
ganzi-shiqu,甘孜州石渠县,2020-09,0.0
ganzi-seda,甘孜州色达县,2020-09,0.0
aba-hongyuan,阿坝州红原县,2020-09,0.0
gannan-luqu,甘南州碌曲县,2020-09,0.0
naqu-bange,那曲市班戈县,2020-10,0.0
naqu-seni,那曲市色尼区,2020-10,0.0
naqu-nierong,那曲市聂荣县,2020-10,0.0
naqu-anduo,那曲市安多县,2020-10,0.0
naqu-shenzha,那曲市申扎县,2020-10,0.0
changdu-karuo,昌都市卡若区,2020-10,0.0
changdu-luolong,昌都市洛隆县,2020-10,0.0
changdu-leiwuqi,昌都市类乌齐县,2020-10,0.0
changdu-jiangda,昌都市江达县,2020-10,0.0
rikaze-xietongmen,日喀则市谢通门县,2020-10,0.0
rikaze-jiangzi,日喀则市江孜县,2020-10,0.0
rikaze-kangma,日喀则市康马县,2020-10,0.0
rikaze-zhongba,日喀则市仲巴县,2020-10,0.0
shannan-cuona,山南市措那县,2020-10,0.48
ali-gaize,阿里地区改则县,2020-10,0.0
yushu-chengduo,玉树州称多县,2020-10,0.0
yushu-zaduo,玉树州杂多县,2020-10,0.0
guoluo-maqin,果洛州玛沁县,2020-10,5.583333333333333
guoluo-jiuzhi,果洛州久治县,2020-10,0.0
haibei-gangcha,海北州刚察县,2020-10,0.0
huangnan-zeku,黄南州泽库县,2020-10,14.133333333333333
ganzi-shiqu,甘孜州石渠县,2020-10,0.0
ganzi-seda,甘孜州色达县,2020-10,0.0
aba-hongyuan,阿坝州红原县,2020-10,6.5
gannan-luqu,甘南州碌曲县,2020-10,0.0
naqu-bange,那曲市班戈县,2020-11,1.6956521739130435
naqu-seni,那曲市色尼区,2020-11,1.6363636363636365
naqu-nierong,那曲市聂荣县,2020-11,0.0
naqu-anduo,那曲市安多县,2020-11,0.0
naqu-shenzha,那曲市申扎县,2020-11,0.0
changdu-karuo,昌都市卡若区,2020-11,0.0
changdu-luolong,昌都市洛隆县,2020-11,0.0
changdu-leiwuqi,昌都市类乌齐县,2020-11,2.3333333333333335
changdu-jiangda,昌都市江达县,2020-11,0.0
rikaze-xietongmen,日喀则市谢通门县,2020-11,0.0
rikaze-jiangzi,日喀则市江孜县,2020-11,0.0
rikaze-kangma,日喀则市康马县,2020-11,0.0
rikaze-zhongba,日喀则市仲巴县,2020-11,0.0
shannan-cuona,山南市措那县,2020-11,0.46153846153846156
ali-gaize,阿里地区改则县,2020-11,0.0
yushu-chengduo,玉树州称多县,2020-11,0.6
yushu-zaduo,玉树州杂多县,2020-11,0.0
guoluo-maqin,果洛州玛沁县,2020-11,0.0
guoluo-jiuzhi,果洛州久治县,2020-11,8.0
haibei-gangcha,海北州刚察县,2020-11,2.5454545454545454
huangnan-zeku,黄南州泽库县,2020-11,7.555555555555555
ganzi-shiqu,甘孜州石渠县,2020-11,4.571428571428571
ganzi-seda,甘孜州色达县,2020-11,0.0
aba-hongyuan,阿坝州红原县,2020-11,6.733333333333333
gannan-luqu,甘南州碌曲县,2020-11,3.4375
naqu-bange,那曲市班戈县,2020-12,0.0
naqu-seni,那曲市色尼区,2020-12,0.0
naqu-nierong,那曲市聂荣县,2020-12,0.0
naqu-anduo,那曲市安多县,2020-12,0.0
naqu-shenzha,那曲市申扎县,2020-12,0.0
changdu-karuo,昌都市卡若区,2020-12,0.0
changdu-luolong,昌都市洛隆县,2020-12,0.0
changdu-leiwuqi,昌都市类乌齐县,2020-12,2.68
changdu-jiangda,昌都市江达县,2020-12,0.0
rikaze-xietongmen,日喀则市谢通门县,2020-12,0.0
rikaze-jiangzi,日喀则市江孜县,2020-12,0.0
rikaze-kangma,日喀则市康马县,2020-12,0.0
rikaze-zhongba,日喀则市仲巴县,2020-12,0.0
shannan-cuona,山南市措那县,2020-12,0.39285714285714285
ali-gaize,阿里地区改则县,2020-12,0.0
yushu-chengduo,玉树州称多县,2020-12,1.8
yushu-zaduo,玉树州杂多县,2020-12,0.0
guoluo-maqin,果洛州玛沁县,2020-12,0.0
guoluo-jiuzhi,果洛州久治县,2020-12,16.0
haibei-gangcha,海北州刚察县,2020-12,0.0
huangnan-zeku,黄南州泽库县,2020-12,0.0
ganzi-shiqu,甘孜州石渠县,2020-12,0.631578947368421
ganzi-seda,甘孜州色达县,2020-12,7.5
aba-hongyuan,阿坝州红原县,2020-12,0.0
gannan-luqu,甘南州碌曲县,2020-12,0.0
naqu-bange,那曲市班戈县,2021-01,0.5185185185185185
naqu-seni,那曲市色尼区,2021-01,0.0
naqu-nierong,那曲市聂荣县,2021-01,0.0
naqu-anduo,那曲市安多县,2021-01,0.0
naqu-shenzha,那曲市申扎县,2021-01,2.2962962962962963
changdu-karuo,昌都市卡若区,2021-01,0.0
changdu-luolong,昌都市洛隆县,2021-01,0.0
changdu-leiwuqi,昌都市类乌齐县,2021-01,0.0
changdu-jiangda,昌都市江达县,2021-01,0.0
rikaze-xietongmen,日喀则市谢通门县,2021-01,0.0
rikaze-jiangzi,日喀则市江孜县,2021-01,0.0
rikaze-kangma,日喀则市康马县,2021-01,0.0
rikaze-zhongba,日喀则市仲巴县,2021-01,0.0
shannan-cuona,山南市措那县,2021-01,0.0
ali-gaize,阿里地区改则县,2021-01,0.0
yushu-chengduo,玉树州称多县,2021-01,0.0
yushu-zaduo,玉树州杂多县,2021-01,0.0
guoluo-maqin,果洛州玛沁县,2021-01,0.0
guoluo-jiuzhi,果洛州久治县,2021-01,0.0
haibei-gangcha,海北州刚察县,2021-01,0.0
huangnan-zeku,黄南州泽库县,2021-01,0.0
ganzi-shiqu,甘孜州石渠县,2021-01,1.0952380952380953
ganzi-seda,甘孜州色达县,2021-01,1.0
aba-hongyuan,阿坝州红原县,2021-01,0.0
gannan-luqu,甘南州碌曲县,2021-01,0.0
naqu-bange,那曲市班戈县,2021-02,0.9130434782608695
naqu-seni,那曲市色尼区,2021-02,2.409090909090909
naqu-nierong,那曲市聂荣县,2021-02,5.625
naqu-anduo,那曲市安多县,2021-02,0.0
naqu-shenzha,那曲市申扎县,2021-02,3.48
changdu-karuo,昌都市卡若区,2021-02,0.0
changdu-luolong,昌都市洛隆县,2021-02,0.0
changdu-leiwuqi,昌都市类乌齐县,2021-02,0.0
changdu-jiangda,昌都市江达县,2021-02,0.0
rikaze-xietongmen,日喀则市谢通门县,2021-02,0.0
rikaze-jiangzi,日喀则市江孜县,2021-02,0.0
rikaze-kangma,日喀则市康马县,2021-02,0.0
rikaze-zhongba,日喀则市仲巴县,2021-02,0.0
shannan-cuona,山南市措那县,2021-02,0.0
ali-gaize,阿里地区改则县,2021-02,0.0
yushu-chengduo,玉树州称多县,2021-02,0.0
yushu-zaduo,玉树州杂多县,2021-02,0.0
guoluo-maqin,果洛州玛沁县,2021-02,0.0
guoluo-jiuzhi,果洛州久治县,2021-02,3.238095238095238
haibei-gangcha,海北州刚察县,2021-02,0.0
huangnan-zeku,黄南州泽库县,2021-02,10.0
ganzi-shiqu,甘孜州石渠县,2021-02,3.8421052631578947
ganzi-seda,甘孜州色达县,2021-02,0.0
aba-hongyuan,阿坝州红原县,2021-02,6.25
gannan-luqu,甘南州碌曲县,2021-02,0.0
naqu-bange,那曲市班戈县,2021-03,0.0
naqu-seni,那曲市色尼区,2021-03,0.0
naqu-nierong,那曲市聂荣县,2021-03,0.0
naqu-anduo,那曲市安多县,2021-03,0.0
naqu-shenzha,那曲市申扎县,2021-03,0.0
changdu-karuo,昌都市卡若区,2021-03,0.0
changdu-luolong,昌都市洛隆县,2021-03,0.0
changdu-leiwuqi,昌都市类乌齐县,2021-03,0.0
changdu-jiangda,昌都市江达县,2021-03,0.0
rikaze-xietongmen,日喀则市谢通门县,2021-03,0.0
rikaze-jiangzi,日喀则市江孜县,2021-03,0.5384615384615384
rikaze-kangma,日喀则市康马县,2021-03,0.0
rikaze-zhongba,日喀则市仲巴县,2021-03,0.0
shannan-cuona,山南市措那县,2021-03,2.9565217391304346
ali-gaize,阿里地区改则县,2021-03,0.8333333333333334
yushu-chengduo,玉树州称多县,2021-03,0.0
yushu-zaduo,玉树州杂多县,2021-03,0.0
guoluo-maqin,果洛州玛沁县,2021-03,1.65
guoluo-jiuzhi,果洛州久治县,2021-03,0.0
haibei-gangcha,海北州刚察县,2021-03,0.0
huangnan-zeku,黄南州泽库县,2021-03,0.0
ganzi-shiqu,甘孜州石渠县,2021-03,2.5
ganzi-seda,甘孜州色达县,2021-03,0.0
aba-hongyuan,阿坝州红原县,2021-03,0.0
gannan-luqu,甘南州碌曲县,2021-03,5.65
naqu-bange,那曲市班戈县,2021-04,1.625
naqu-seni,那曲市色尼区,2021-04,0.8421052631578947
naqu-nierong,那曲市聂荣县,2021-04,8.0
naqu-anduo,那曲市安多县,2021-04,1.1875
naqu-shenzha,那曲市申扎县,2021-04,0.0
changdu-karuo,昌都市卡若区,2021-04,0.0
changdu-luolong,昌都市洛隆县,2021-04,0.0
changdu-leiwuqi,昌都市类乌齐县,2021-04,0.0
changdu-jiangda,昌都市江达县,2021-04,0.0
rikaze-xietongmen,日喀则市谢通门县,2021-04,0.0
rikaze-jiangzi,日喀则市江孜县,2021-04,0.0
rikaze-kangma,日喀则市康马县,2021-04,0.0
rikaze-zhongba,日喀则市仲巴县,2021-04,0.0
shannan-cuona,山南市措那县,2021-04,14.0
ali-gaize,阿里地区改则县,2021-04,0.0
yushu-chengduo,玉树州称多县,2021-04,0.0
yushu-zaduo,玉树州杂多县,2021-04,0.0
guoluo-maqin,果洛州玛沁县,2021-04,1.5625
guoluo-jiuzhi,果洛州久治县,2021-04,1.0
haibei-gangcha,海北州刚察县,2021-04,7.666666666666667
huangnan-zeku,黄南州泽库县,2021-04,4.0
ganzi-shiqu,甘孜州石渠县,2021-04,0.0
ganzi-seda,甘孜州色达县,2021-04,0.0
aba-hongyuan,阿坝州红原县,2021-04,0.0
gannan-luqu,甘南州碌曲县,2021-04,0.0
naqu-bange,那曲市班戈县,2021-05,7.3125
naqu-seni,那曲市色尼区,2021-05,0.0
naqu-nierong,那曲市聂荣县,2021-05,0.0
naqu-anduo,那曲市安多县,2021-05,7.2727272727272725
naqu-shenzha,那曲市申扎县,2021-05,0.0
changdu-karuo,昌都市卡若区,2021-05,0.0
changdu-luolong,昌都市洛隆县,2021-05,0.0
changdu-leiwuqi,昌都市类乌齐县,2021-05,0.0
changdu-jiangda,昌都市江达县,2021-05,0.0
rikaze-xietongmen,日喀则市谢通门县,2021-05,0.0
rikaze-jiangzi,日喀则市江孜县,2021-05,0.0
rikaze-kangma,日喀则市康马县,2021-05,1.625
rikaze-zhongba,日喀则市仲巴县,2021-05,0.0
shannan-cuona,山南市措那县,2021-05,0.0
ali-gaize,阿里地区改则县,2021-05,0.0
yushu-chengduo,玉树州称多县,2021-05,0.0
yushu-zaduo,玉树州杂多县,2021-05,0.0
guoluo-maqin,果洛州玛沁县,2021-05,0.0
guoluo-jiuzhi,果洛州久治县,2021-05,0.0
haibei-gangcha,海北州刚察县,2021-05,0.0
huangnan-zeku,黄南州泽库县,2021-05,0.0
ganzi-shiqu,甘孜州石渠县,2021-05,0.0
ganzi-seda,甘孜州色达县,2021-05,0.0
aba-hongyuan,阿坝州红原县,2021-05,0.0
gannan-luqu,甘南州碌曲县,2021-05,0.0
naqu-bange,那曲市班戈县,2021-06,3.8823529411764706
naqu-seni,那曲市色尼区,2021-06,0.0
naqu-nierong,那曲市聂荣县,2021-06,0.0
naqu-anduo,那曲市安多县,2021-06,5.636363636363637
naqu-shenzha,那曲市申扎县,2021-06,0.0
changdu-karuo,昌都市卡若区,2021-06,0.0
changdu-luolong,昌都市洛隆县,2021-06,0.0
changdu-leiwuqi,昌都市类乌齐县,2021-06,0.0
changdu-jiangda,昌都市江达县,2021-06,0.0
rikaze-xietongmen,日喀则市谢通门县,2021-06,0.0
rikaze-jiangzi,日喀则市江孜县,2021-06,0.0
rikaze-kangma,日喀则市康马县,2021-06,0.0
rikaze-zhongba,日喀则市仲巴县,2021-06,0.0
shannan-cuona,山南市措那县,2021-06,0.0
ali-gaize,阿里地区改则县,2021-06,0.0
yushu-chengduo,玉树州称多县,2021-06,0.0
yushu-zaduo,玉树州杂多县,2021-06,0.0
guoluo-maqin,果洛州玛沁县,2021-06,0.0
guoluo-jiuzhi,果洛州久治县,2021-06,0.0
haibei-gangcha,海北州刚察县,2021-06,0.0
huangnan-zeku,黄南州泽库县,2021-06,0.0
ganzi-shiqu,甘孜州石渠县,2021-06,0.0
ganzi-seda,甘孜州色达县,2021-06,0.0
aba-hongyuan,阿坝州红原县,2021-06,0.0
gannan-luqu,甘南州碌曲县,2021-06,0.0
naqu-bange,那曲市班戈县,2021-07,0.0
naqu-seni,那曲市色尼区,2021-07,0.0
naqu-nierong,那曲市聂荣县,2021-07,0.0
naqu-anduo,那曲市安多县,2021-07,0.0
naqu-shenzha,那曲市申扎县,2021-07,0.0
changdu-karuo,昌都市卡若区,2021-07,0.0
changdu-luolong,昌都市洛隆县,2021-07,0.0
changdu-leiwuqi,昌都市类乌齐县,2021-07,2.4
changdu-jiangda,昌都市江达县,2021-07,2.5454545454545454
rikaze-xietongmen,日喀则市谢通门县,2021-07,0.0
rikaze-jiangzi,日喀则市江孜县,2021-07,0.0
rikaze-kangma,日喀则市康马县,2021-07,0.0
rikaze-zhongba,日喀则市仲巴县,2021-07,0.0
shannan-cuona,山南市措那县,2021-07,0.0
ali-gaize,阿里地区改则县,2021-07,0.0
yushu-chengduo,玉树州称多县,2021-07,0.0
yushu-zaduo,玉树州杂多县,2021-07,0.0
guoluo-maqin,果洛州玛沁县,2021-07,0.0
guoluo-jiuzhi,果洛州久治县,2021-07,0.0
haibei-gangcha,海北州刚察县,2021-07,0.0
huangnan-zeku,黄南州泽库县,2021-07,0.0
ganzi-shiqu,甘孜州石渠县,2021-07,0.0
ganzi-seda,甘孜州色达县,2021-07,0.0
aba-hongyuan,阿坝州红原县,2021-07,0.0
gannan-luqu,甘南州碌曲县,2021-07,0.0
naqu-bange,那曲市班戈县,2021-08,0.0
naqu-seni,那曲市色尼区,2021-08,0.0
naqu-nierong,那曲市聂荣县,2021-08,0.0
naqu-anduo,那曲市安多县,2021-08,0.0
naqu-shenzha,那曲市申扎县,2021-08,0.0
changdu-karuo,昌都市卡若区,2021-08,0.0
changdu-luolong,昌都市洛隆县,2021-08,0.0
changdu-leiwuqi,昌都市类乌齐县,2021-08,0.0
changdu-jiangda,昌都市江达县,2021-08,1.8333333333333333
rikaze-xietongmen,日喀则市谢通门县,2021-08,0.0
rikaze-jiangzi,日喀则市江孜县,2021-08,0.0
rikaze-kangma,日喀则市康马县,2021-08,0.0
rikaze-zhongba,日喀则市仲巴县,2021-08,0.0
shannan-cuona,山南市措那县,2021-08,1.75
ali-gaize,阿里地区改则县,2021-08,0.0
yushu-chengduo,玉树州称多县,2021-08,0.0
yushu-zaduo,玉树州杂多县,2021-08,0.0
guoluo-maqin,果洛州玛沁县,2021-08,0.0
guoluo-jiuzhi,果洛州久治县,2021-08,0.0
haibei-gangcha,海北州刚察县,2021-08,0.0
huangnan-zeku,黄南州泽库县,2021-08,0.0
ganzi-shiqu,甘孜州石渠县,2021-08,0.0
ganzi-seda,甘孜州色达县,2021-08,0.0
aba-hongyuan,阿坝州红原县,2021-08,0.0
gannan-luqu,甘南州碌曲县,2021-08,0.0
naqu-bange,那曲市班戈县,2021-09,0.7142857142857143
naqu-seni,那曲市色尼区,2021-09,0.0
naqu-nierong,那曲市聂荣县,2021-09,1.6
naqu-anduo,那曲市安多县,2021-09,0.0
naqu-shenzha,那曲市申扎县,2021-09,0.0
changdu-karuo,昌都市卡若区,2021-09,0.0
changdu-luolong,昌都市洛隆县,2021-09,0.0
changdu-leiwuqi,昌都市类乌齐县,2021-09,0.0
changdu-jiangda,昌都市江达县,2021-09,0.0
rikaze-xietongmen,日喀则市谢通门县,2021-09,2.95
rikaze-jiangzi,日喀则市江孜县,2021-09,0.0
rikaze-kangma,日喀则市康马县,2021-09,0.0
rikaze-zhongba,日喀则市仲巴县,2021-09,0.0
shannan-cuona,山南市措那县,2021-09,0.0
ali-gaize,阿里地区改则县,2021-09,0.0
yushu-chengduo,玉树州称多县,2021-09,0.0
yushu-zaduo,玉树州杂多县,2021-09,0.0
guoluo-maqin,果洛州玛沁县,2021-09,0.0
guoluo-jiuzhi,果洛州久治县,2021-09,0.0
haibei-gangcha,海北州刚察县,2021-09,0.0
huangnan-zeku,黄南州泽库县,2021-09,0.0
ganzi-shiqu,甘孜州石渠县,2021-09,0.0
ganzi-seda,甘孜州色达县,2021-09,0.0
aba-hongyuan,阿坝州红原县,2021-09,0.0
gannan-luqu,甘南州碌曲县,2021-09,0.0
naqu-bange,那曲市班戈县,2021-10,0.9259259259259259
naqu-seni,那曲市色尼区,2021-10,3.4583333333333335
naqu-nierong,那曲市聂荣县,2021-10,0.0
naqu-anduo,那曲市安多县,2021-10,0.7391304347826086
naqu-shenzha,那曲市申扎县,2021-10,0.0
changdu-karuo,昌都市卡若区,2021-10,0.0
changdu-luolong,昌都市洛隆县,2021-10,0.0
changdu-leiwuqi,昌都市类乌齐县,2021-10,0.0
changdu-jiangda,昌都市江达县,2021-10,0.0
rikaze-xietongmen,日喀则市谢通门县,2021-10,0.0
rikaze-jiangzi,日喀则市江孜县,2021-10,0.0
rikaze-kangma,日喀则市康马县,2021-10,0.0
rikaze-zhongba,日喀则市仲巴县,2021-10,0.0
shannan-cuona,山南市措那县,2021-10,0.0
ali-gaize,阿里地区改则县,2021-10,0.0
yushu-chengduo,玉树州称多县,2021-10,0.0
yushu-zaduo,玉树州杂多县,2021-10,0.0
guoluo-maqin,果洛州玛沁县,2021-10,0.0
guoluo-jiuzhi,果洛州久治县,2021-10,0.0
haibei-gangcha,海北州刚察县,2021-10,0.0
huangnan-zeku,黄南州泽库县,2021-10,0.0
ganzi-shiqu,甘孜州石渠县,2021-10,3.8125
ganzi-seda,甘孜州色达县,2021-10,0.0
aba-hongyuan,阿坝州红原县,2021-10,3.8666666666666667
gannan-luqu,甘南州碌曲县,2021-10,0.0
naqu-bange,那曲市班戈县,2021-11,0.0
naqu-seni,那曲市色尼区,2021-11,0.0
naqu-nierong,那曲市聂荣县,2021-11,0.0
naqu-anduo,那曲市安多县,2021-11,0.0
naqu-shenzha,那曲市申扎县,2021-11,0.0
changdu-karuo,昌都市卡若区,2021-11,0.37037037037037035
changdu-luolong,昌都市洛隆县,2021-11,0.0
changdu-leiwuqi,昌都市类乌齐县,2021-11,0.0
changdu-jiangda,昌都市江达县,2021-11,0.0
rikaze-xietongmen,日喀则市谢通门县,2021-11,0.0
rikaze-jiangzi,日喀则市江孜县,2021-11,0.0
rikaze-kangma,日喀则市康马县,2021-11,0.0
rikaze-zhongba,日喀则市仲巴县,2021-11,0.0
shannan-cuona,山南市措那县,2021-11,0.0
ali-gaize,阿里地区改则县,2021-11,0.0
yushu-chengduo,玉树州称多县,2021-11,0.0
yushu-zaduo,玉树州杂多县,2021-11,2.25
guoluo-maqin,果洛州玛沁县,2021-11,0.0
guoluo-jiuzhi,果洛州久治县,2021-11,0.0
haibei-gangcha,海北州刚察县,2021-11,0.0
huangnan-zeku,黄南州泽库县,2021-11,0.0
ganzi-shiqu,甘孜州石渠县,2021-11,1.411764705882353
ganzi-seda,甘孜州色达县,2021-11,0.0
aba-hongyuan,阿坝州红原县,2021-11,2.55
gannan-luqu,甘南州碌曲县,2021-11,0.0
naqu-bange,那曲市班戈县,2021-12,15.954545454545455
naqu-seni,那曲市色尼区,2021-12,19.0
naqu-nierong,那曲市聂荣县,2021-12,3.4583333333333335
naqu-anduo,那曲市安多县,2021-12,2.6666666666666665
naqu-shenzha,那曲市申扎县,2021-12,14.904761904761905
changdu-karuo,昌都市卡若区,2021-12,0.0
changdu-luolong,昌都市洛隆县,2021-12,0.0
changdu-leiwuqi,昌都市类乌齐县,2021-12,2.3043478260869565
changdu-jiangda,昌都市江达县,2021-12,0.0
rikaze-xietongmen,日喀则市谢通门县,2021-12,0.0
rikaze-jiangzi,日喀则市江孜县,2021-12,0.0
rikaze-kangma,日喀则市康马县,2021-12,1.4285714285714286
rikaze-zhongba,日喀则市仲巴县,2021-12,2.12
shannan-cuona,山南市措那县,2021-12,6.695652173913044
ali-gaize,阿里地区改则县,2021-12,56.0
yushu-chengduo,玉树州称多县,2021-12,2.1481481481481484
yushu-zaduo,玉树州杂多县,2021-12,0.0
guoluo-maqin,果洛州玛沁县,2021-12,2.0
guoluo-jiuzhi,果洛州久治县,2021-12,13.65
haibei-gangcha,海北州刚察县,2021-12,0.0
huangnan-zeku,黄南州泽库县,2021-12,0.0
ganzi-shiqu,甘孜州石渠县,2021-12,7.352941176470588
ganzi-seda,甘孜州色达县,2021-12,0.0
aba-hongyuan,阿坝州红原县,2021-12,6.578947368421052
gannan-luqu,甘南州碌曲县,2021-12,2.1818181818181817
naqu-bange,那曲市班戈县,2022-01,1.0526315789473684
naqu-seni,那曲市色尼区,2022-01,10.285714285714286
naqu-nierong,那曲市聂荣县,2022-01,6.857142857142857
naqu-anduo,那曲市安多县,2022-01,2.8947368421052633
naqu-shenzha,那曲市申扎县,2022-01,1.9130434782608696
changdu-karuo,昌都市卡若区,2022-01,0.0
changdu-luolong,昌都市洛隆县,2022-01,0.0
changdu-leiwuqi,昌都市类乌齐县,2022-01,1.6428571428571428
changdu-jiangda,昌都市江达县,2022-01,0.0
rikaze-xietongmen,日喀则市谢通门县,2022-01,0.0
rikaze-jiangzi,日喀则市江孜县,2022-01,0.0
rikaze-kangma,日喀则市康马县,2022-01,0.0
rikaze-zhongba,日喀则市仲巴县,2022-01,1.7692307692307692
shannan-cuona,山南市措那县,2022-01,69.16666666666667
ali-gaize,阿里地区改则县,2022-01,43.4
yushu-chengduo,玉树州称多县,2022-01,3.8823529411764706
yushu-zaduo,玉树州杂多县,2022-01,5.166666666666667
guoluo-maqin,果洛州玛沁县,2022-01,0.0
guoluo-jiuzhi,果洛州久治县,2022-01,14.823529411764707
haibei-gangcha,海北州刚察县,2022-01,0.0
huangnan-zeku,黄南州泽库县,2022-01,0.0
ganzi-shiqu,甘孜州石渠县,2022-01,0.0
ganzi-seda,甘孜州色达县,2022-01,0.0
aba-hongyuan,阿坝州红原县,2022-01,8.882352941176471
gannan-luqu,甘南州碌曲县,2022-01,0.0
naqu-bange,那曲市班戈县,2022-02,3.5384615384615383
naqu-seni,那曲市色尼区,2022-02,16.90909090909091
naqu-nierong,那曲市聂荣县,2022-02,14.857142857142858
naqu-anduo,那曲市安多县,2022-02,6.636363636363637
naqu-shenzha,那曲市申扎县,2022-02,1.588235294117647
changdu-karuo,昌都市卡若区,2022-02,0.0
changdu-luolong,昌都市洛隆县,2022-02,1.3571428571428572
changdu-leiwuqi,昌都市类乌齐县,2022-02,4.454545454545454
changdu-jiangda,昌都市江达县,2022-02,0.0
rikaze-xietongmen,日喀则市谢通门县,2022-02,0.68
rikaze-jiangzi,日喀则市江孜县,2022-02,0.0
rikaze-kangma,日喀则市康马县,2022-02,0.0
rikaze-zhongba,日喀则市仲巴县,2022-02,0.0
shannan-cuona,山南市措那县,2022-02,61.857142857142854
ali-gaize,阿里地区改则县,2022-02,0.0
yushu-chengduo,玉树州称多县,2022-02,0.0
yushu-zaduo,玉树州杂多县,2022-02,4.6
guoluo-maqin,果洛州玛沁县,2022-02,0.0
guoluo-jiuzhi,果洛州久治县,2022-02,8.636363636363637
haibei-gangcha,海北州刚察县,2022-02,9.944444444444445
huangnan-zeku,黄南州泽库县,2022-02,2.5625
ganzi-shiqu,甘孜州石渠县,2022-02,3.5454545454545454
ganzi-seda,甘孜州色达县,2022-02,2.8181818181818183
aba-hongyuan,阿坝州红原县,2022-02,1.0
gannan-luqu,甘南州碌曲县,2022-02,0.0
naqu-bange,那曲市班戈县,2022-03,0.0
naqu-seni,那曲市色尼区,2022-03,0.0
naqu-nierong,那曲市聂荣县,2022-03,0.0
naqu-anduo,那曲市安多县,2022-03,0.0
naqu-shenzha,那曲市申扎县,2022-03,0.0
changdu-karuo,昌都市卡若区,2022-03,0.0
changdu-luolong,昌都市洛隆县,2022-03,0.0
changdu-leiwuqi,昌都市类乌齐县,2022-03,1.0476190476190477
changdu-jiangda,昌都市江达县,2022-03,0.0
rikaze-xietongmen,日喀则市谢通门县,2022-03,0.0
rikaze-jiangzi,日喀则市江孜县,2022-03,0.0
rikaze-kangma,日喀则市康马县,2022-03,0.5357142857142857
rikaze-zhongba,日喀则市仲巴县,2022-03,0.0
shannan-cuona,山南市措那县,2022-03,39.72727272727273
ali-gaize,阿里地区改则县,2022-03,0.0
yushu-chengduo,玉树州称多县,2022-03,0.0
yushu-zaduo,玉树州杂多县,2022-03,0.6923076923076923
guoluo-maqin,果洛州玛沁县,2022-03,0.0
guoluo-jiuzhi,果洛州久治县,2022-03,2.388888888888889
haibei-gangcha,海北州刚察县,2022-03,0.0
huangnan-zeku,黄南州泽库县,2022-03,0.0
ganzi-shiqu,甘孜州石渠县,2022-03,0.0
ganzi-seda,甘孜州色达县,2022-03,0.0
aba-hongyuan,阿坝州红原县,2022-03,2.85
gannan-luqu,甘南州碌曲县,2022-03,1.4210526315789473
naqu-bange,那曲市班戈县,2022-04,0.0
naqu-seni,那曲市色尼区,2022-04,0.0
naqu-nierong,那曲市聂荣县,2022-04,0.0
naqu-anduo,那曲市安多县,2022-04,0.0
naqu-shenzha,那曲市申扎县,2022-04,0.6818181818181818
changdu-karuo,昌都市卡若区,2022-04,0.0
changdu-luolong,昌都市洛隆县,2022-04,0.0
changdu-leiwuqi,昌都市类乌齐县,2022-04,0.0
changdu-jiangda,昌都市江达县,2022-04,0.0
rikaze-xietongmen,日喀则市谢通门县,2022-04,0.0
rikaze-jiangzi,日喀则市江孜县,2022-04,0.0
rikaze-kangma,日喀则市康马县,2022-04,0.0
rikaze-zhongba,日喀则市仲巴县,2022-04,0.0
shannan-cuona,山南市措那县,2022-04,8.095238095238095
ali-gaize,阿里地区改则县,2022-04,0.0
yushu-chengduo,玉树州称多县,2022-04,0.0
yushu-zaduo,玉树州杂多县,2022-04,0.0
guoluo-maqin,果洛州玛沁县,2022-04,0.0
guoluo-jiuzhi,果洛州久治县,2022-04,2.0
haibei-gangcha,海北州刚察县,2022-04,0.0
huangnan-zeku,黄南州泽库县,2022-04,0.0
ganzi-shiqu,甘孜州石渠县,2022-04,2.0
ganzi-seda,甘孜州色达县,2022-04,0.0
aba-hongyuan,阿坝州红原县,2022-04,1.0
gannan-luqu,甘南州碌曲县,2022-04,0.0
naqu-bange,那曲市班戈县,2022-05,0.0
naqu-seni,那曲市色尼区,2022-05,0.0
naqu-nierong,那曲市聂荣县,2022-05,0.0
naqu-anduo,那曲市安多县,2022-05,0.0
naqu-shenzha,那曲市申扎县,2022-05,0.0
changdu-karuo,昌都市卡若区,2022-05,0.0
changdu-luolong,昌都市洛隆县,2022-05,0.0
changdu-leiwuqi,昌都市类乌齐县,2022-05,0.0
changdu-jiangda,昌都市江达县,2022-05,0.0
rikaze-xietongmen,日喀则市谢通门县,2022-05,0.8846153846153846
rikaze-jiangzi,日喀则市江孜县,2022-05,0.0
rikaze-kangma,日喀则市康马县,2022-05,0.0
rikaze-zhongba,日喀则市仲巴县,2022-05,0.0
shannan-cuona,山南市措那县,2022-05,0.0
ali-gaize,阿里地区改则县,2022-05,0.0
yushu-chengduo,玉树州称多县,2022-05,0.0
yushu-zaduo,玉树州杂多县,2022-05,0.0
guoluo-maqin,果洛州玛沁县,2022-05,0.0
guoluo-jiuzhi,果洛州久治县,2022-05,0.0
haibei-gangcha,海北州刚察县,2022-05,0.0
huangnan-zeku,黄南州泽库县,2022-05,0.0
ganzi-shiqu,甘孜州石渠县,2022-05,0.0
ganzi-seda,甘孜州色达县,2022-05,0.0
aba-hongyuan,阿坝州红原县,2022-05,0.0
gannan-luqu,甘南州碌曲县,2022-05,0.0
naqu-bange,那曲市班戈县,2022-06,0.0
naqu-seni,那曲市色尼区,2022-06,0.0
naqu-nierong,那曲市聂荣县,2022-06,3.090909090909091
naqu-anduo,那曲市安多县,2022-06,0.0
naqu-shenzha,那曲市申扎县,2022-06,0.0
changdu-karuo,昌都市卡若区,2022-06,0.0
changdu-luolong,昌都市洛隆县,2022-06,0.0
changdu-leiwuqi,昌都市类乌齐县,2022-06,0.0
changdu-jiangda,昌都市江达县,2022-06,0.0
rikaze-xietongmen,日喀则市谢通门县,2022-06,0.0
rikaze-jiangzi,日喀则市江孜县,2022-06,0.0
rikaze-kangma,日喀则市康马县,2022-06,0.0
rikaze-zhongba,日喀则市仲巴县,2022-06,0.0
shannan-cuona,山南市措那县,2022-06,6.8
ali-gaize,阿里地区改则县,2022-06,0.0
yushu-chengduo,玉树州称多县,2022-06,5.777777777777778
yushu-zaduo,玉树州杂多县,2022-06,0.0
guoluo-maqin,果洛州玛沁县,2022-06,0.0
guoluo-jiuzhi,果洛州久治县,2022-06,0.0
haibei-gangcha,海北州刚察县,2022-06,0.0
huangnan-zeku,黄南州泽库县,2022-06,0.0
ganzi-shiqu,甘孜州石渠县,2022-06,0.0
ganzi-seda,甘孜州色达县,2022-06,0.0
aba-hongyuan,阿坝州红原县,2022-06,0.0
gannan-luqu,甘南州碌曲县,2022-06,0.0
naqu-bange,那曲市班戈县,2022-07,0.0
naqu-seni,那曲市色尼区,2022-07,0.0
naqu-nierong,那曲市聂荣县,2022-07,0.0
naqu-anduo,那曲市安多县,2022-07,0.0
naqu-shenzha,那曲市申扎县,2022-07,0.0
changdu-karuo,昌都市卡若区,2022-07,0.0
changdu-luolong,昌都市洛隆县,2022-07,0.9444444444444444
changdu-leiwuqi,昌都市类乌齐县,2022-07,0.0
changdu-jiangda,昌都市江达县,2022-07,0.0
rikaze-xietongmen,日喀则市谢通门县,2022-07,0.0
rikaze-jiangzi,日喀则市江孜县,2022-07,0.0
rikaze-kangma,日喀则市康马县,2022-07,0.0
rikaze-zhongba,日喀则市仲巴县,2022-07,0.0
shannan-cuona,山南市措那县,2022-07,0.0
ali-gaize,阿里地区改则县,2022-07,0.0
yushu-chengduo,玉树州称多县,2022-07,0.0
yushu-zaduo,玉树州杂多县,2022-07,0.0
guoluo-maqin,果洛州玛沁县,2022-07,0.0
guoluo-jiuzhi,果洛州久治县,2022-07,0.0
haibei-gangcha,海北州刚察县,2022-07,0.0
huangnan-zeku,黄南州泽库县,2022-07,0.0
ganzi-shiqu,甘孜州石渠县,2022-07,0.0
ganzi-seda,甘孜州色达县,2022-07,0.0
aba-hongyuan,阿坝州红原县,2022-07,0.0
gannan-luqu,甘南州碌曲县,2022-07,0.0
naqu-bange,那曲市班戈县,2022-08,0.0
naqu-seni,那曲市色尼区,2022-08,0.0
naqu-nierong,那曲市聂荣县,2022-08,0.0
naqu-anduo,那曲市安多县,2022-08,0.0
naqu-shenzha,那曲市申扎县,2022-08,0.0
changdu-karuo,昌都市卡若区,2022-08,0.0
changdu-luolong,昌都市洛隆县,2022-08,0.0
changdu-leiwuqi,昌都市类乌齐县,2022-08,0.0
changdu-jiangda,昌都市江达县,2022-08,0.0
rikaze-xietongmen,日喀则市谢通门县,2022-08,0.0
rikaze-jiangzi,日喀则市江孜县,2022-08,0.0
rikaze-kangma,日喀则市康马县,2022-08,0.0
rikaze-zhongba,日喀则市仲巴县,2022-08,0.0
shannan-cuona,山南市措那县,2022-08,0.0
ali-gaize,阿里地区改则县,2022-08,0.0
yushu-chengduo,玉树州称多县,2022-08,0.0
yushu-zaduo,玉树州杂多县,2022-08,0.0
guoluo-maqin,果洛州玛沁县,2022-08,0.0
guoluo-jiuzhi,果洛州久治县,2022-08,6.615384615384615
haibei-gangcha,海北州刚察县,2022-08,0.0
huangnan-zeku,黄南州泽库县,2022-08,0.0
ganzi-shiqu,甘孜州石渠县,2022-08,0.0
ganzi-seda,甘孜州色达县,2022-08,0.0
aba-hongyuan,阿坝州红原县,2022-08,0.0
gannan-luqu,甘南州碌曲县,2022-08,0.7142857142857143
naqu-bange,那曲市班戈县,2022-09,0.8333333333333334
naqu-seni,那曲市色尼区,2022-09,0.0
naqu-nierong,那曲市聂荣县,2022-09,6.428571428571429
naqu-anduo,那曲市安多县,2022-09,0.0
naqu-shenzha,那曲市申扎县,2022-09,0.0
changdu-karuo,昌都市卡若区,2022-09,5.166666666666667
changdu-luolong,昌都市洛隆县,2022-09,0.0
changdu-leiwuqi,昌都市类乌齐县,2022-09,0.0
changdu-jiangda,昌都市江达县,2022-09,0.0
rikaze-xietongmen,日喀则市谢通门县,2022-09,0.0
rikaze-jiangzi,日喀则市江孜县,2022-09,0.0
rikaze-kangma,日喀则市康马县,2022-09,1.125
rikaze-zhongba,日喀则市仲巴县,2022-09,0.0
shannan-cuona,山南市措那县,2022-09,0.0
ali-gaize,阿里地区改则县,2022-09,0.0
yushu-chengduo,玉树州称多县,2022-09,4.777777777777778
yushu-zaduo,玉树州杂多县,2022-09,0.0
guoluo-maqin,果洛州玛沁县,2022-09,0.0
guoluo-jiuzhi,果洛州久治县,2022-09,0.0
haibei-gangcha,海北州刚察县,2022-09,0.0
huangnan-zeku,黄南州泽库县,2022-09,3.9166666666666665
ganzi-shiqu,甘孜州石渠县,2022-09,0.0
ganzi-seda,甘孜州色达县,2022-09,0.0
aba-hongyuan,阿坝州红原县,2022-09,0.0
gannan-luqu,甘南州碌曲县,2022-09,0.0
naqu-bange,那曲市班戈县,2022-10,0.0
naqu-seni,那曲市色尼区,2022-10,10.4
naqu-nierong,那曲市聂荣县,2022-10,5.142857142857143
naqu-anduo,那曲市安多县,2022-10,1.6
naqu-shenzha,那曲市申扎县,2022-10,0.0
changdu-karuo,昌都市卡若区,2022-10,0.0
changdu-luolong,昌都市洛隆县,2022-10,6.0
changdu-leiwuqi,昌都市类乌齐县,2022-10,0.0
changdu-jiangda,昌都市江达县,2022-10,0.0
rikaze-xietongmen,日喀则市谢通门县,2022-10,0.0
rikaze-jiangzi,日喀则市江孜县,2022-10,0.0
rikaze-kangma,日喀则市康马县,2022-10,0.0
rikaze-zhongba,日喀则市仲巴县,2022-10,0.0
shannan-cuona,山南市措那县,2022-10,45.5
ali-gaize,阿里地区改则县,2022-10,0.0
yushu-chengduo,玉树州称多县,2022-10,0.0
yushu-zaduo,玉树州杂多县,2022-10,0.0
guoluo-maqin,果洛州玛沁县,2022-10,0.0
guoluo-jiuzhi,果洛州久治县,2022-10,5.625
haibei-gangcha,海北州刚察县,2022-10,0.0
huangnan-zeku,黄南州泽库县,2022-10,4.333333333333333
ganzi-shiqu,甘孜州石渠县,2022-10,4.2
ganzi-seda,甘孜州色达县,2022-10,0.0
aba-hongyuan,阿坝州红原县,2022-10,0.0
gannan-luqu,甘南州碌曲县,2022-10,0.0
naqu-bange,那曲市班戈县,2022-11,0.0
naqu-seni,那曲市色尼区,2022-11,0.0
naqu-nierong,那曲市聂荣县,2022-11,0.0
naqu-anduo,那曲市安多县,2022-11,0.8181818181818182
naqu-shenzha,那曲市申扎县,2022-11,0.0
changdu-karuo,昌都市卡若区,2022-11,0.0
changdu-luolong,昌都市洛隆县,2022-11,0.0
changdu-leiwuqi,昌都市类乌齐县,2022-11,0.0
changdu-jiangda,昌都市江达县,2022-11,0.0
rikaze-xietongmen,日喀则市谢通门县,2022-11,0.0
rikaze-jiangzi,日喀则市江孜县,2022-11,0.0
rikaze-kangma,日喀则市康马县,2022-11,0.0
rikaze-zhongba,日喀则市仲巴县,2022-11,0.0
shannan-cuona,山南市措那县,2022-11,57.96153846153846
ali-gaize,阿里地区改则县,2022-11,0.0
yushu-chengduo,玉树州称多县,2022-11,1.619047619047619
yushu-zaduo,玉树州杂多县,2022-11,0.0
guoluo-maqin,果洛州玛沁县,2022-11,0.0
guoluo-jiuzhi,果洛州久治县,2022-11,0.0
haibei-gangcha,海北州刚察县,2022-11,0.0
huangnan-zeku,黄南州泽库县,2022-11,0.0
ganzi-shiqu,甘孜州石渠县,2022-11,0.0
ganzi-seda,甘孜州色达县,2022-11,0.0
aba-hongyuan,阿坝州红原县,2022-11,0.0
gannan-luqu,甘南州碌曲县,2022-11,1.6666666666666667
naqu-bange,那曲市班戈县,2022-12,0.0
naqu-seni,那曲市色尼区,2022-12,0.0
naqu-nierong,那曲市聂荣县,2022-12,0.0
naqu-anduo,那曲市安多县,2022-12,0.0
naqu-shenzha,那曲市申扎县,2022-12,0.0
changdu-karuo,昌都市卡若区,2022-12,0.0
changdu-luolong,昌都市洛隆县,2022-12,0.0
changdu-leiwuqi,昌都市类乌齐县,2022-12,0.0
changdu-jiangda,昌都市江达县,2022-12,0.0
rikaze-xietongmen,日喀则市谢通门县,2022-12,0.0
rikaze-jiangzi,日喀则市江孜县,2022-12,0.0
rikaze-kangma,日喀则市康马县,2022-12,0.0
rikaze-zhongba,日喀则市仲巴县,2022-12,0.0
shannan-cuona,山南市措那县,2022-12,30.17391304347826
ali-gaize,阿里地区改则县,2022-12,0.0
yushu-chengduo,玉树州称多县,2022-12,0.0
yushu-zaduo,玉树州杂多县,2022-12,0.0
guoluo-maqin,果洛州玛沁县,2022-12,0.0
guoluo-jiuzhi,果洛州久治县,2022-12,0.0
haibei-gangcha,海北州刚察县,2022-12,0.0
huangnan-zeku,黄南州泽库县,2022-12,0.0
ganzi-shiqu,甘孜州石渠县,2022-12,0.0
ganzi-seda,甘孜州色达县,2022-12,1.88
aba-hongyuan,阿坝州红原县,2022-12,0.0
gannan-luqu,甘南州碌曲县,2022-12,0.0
naqu-bange,那曲市班戈县,2023-01,0.0
naqu-seni,那曲市色尼区,2023-01,0.0
naqu-nierong,那曲市聂荣县,2023-01,0.0
naqu-anduo,那曲市安多县,2023-01,0.0
naqu-shenzha,那曲市申扎县,2023-01,0.0
changdu-karuo,昌都市卡若区,2023-01,0.0
changdu-luolong,昌都市洛隆县,2023-01,0.0
changdu-leiwuqi,昌都市类乌齐县,2023-01,0.0
changdu-jiangda,昌都市江达县,2023-01,0.0
rikaze-xietongmen,日喀则市谢通门县,2023-01,0.0
rikaze-jiangzi,日喀则市江孜县,2023-01,0.0
rikaze-kangma,日喀则市康马县,2023-01,0.0
rikaze-zhongba,日喀则市仲巴县,2023-01,0.0
shannan-cuona,山南市措那县,2023-01,24.115384615384617
ali-gaize,阿里地区改则县,2023-01,0.0
yushu-chengduo,玉树州称多县,2023-01,1.4782608695652173
yushu-zaduo,玉树州杂多县,2023-01,0.0
guoluo-maqin,果洛州玛沁县,2023-01,0.0
guoluo-jiuzhi,果洛州久治县,2023-01,1.64
haibei-gangcha,海北州刚察县,2023-01,0.0
huangnan-zeku,黄南州泽库县,2023-01,0.0
ganzi-shiqu,甘孜州石渠县,2023-01,2.45
ganzi-seda,甘孜州色达县,2023-01,0.0
aba-hongyuan,阿坝州红原县,2023-01,0.0
gannan-luqu,甘南州碌曲县,2023-01,0.0
naqu-bange,那曲市班戈县,2023-02,0.0
naqu-seni,那曲市色尼区,2023-02,0.0
naqu-nierong,那曲市聂荣县,2023-02,0.0
naqu-anduo,那曲市安多县,2023-02,0.6111111111111112
naqu-shenzha,那曲市申扎县,2023-02,0.0
changdu-karuo,昌都市卡若区,2023-02,0.0
changdu-luolong,昌都市洛隆县,2023-02,0.8125
changdu-leiwuqi,昌都市类乌齐县,2023-02,3.6153846153846154
changdu-jiangda,昌都市江达县,2023-02,0.0
rikaze-xietongmen,日喀则市谢通门县,2023-02,0.0
rikaze-jiangzi,日喀则市江孜县,2023-02,0.0
rikaze-kangma,日喀则市康马县,2023-02,0.0
rikaze-zhongba,日喀则市仲巴县,2023-02,0.0
shannan-cuona,山南市措那县,2023-02,18.25
ali-gaize,阿里地区改则县,2023-02,0.0
yushu-chengduo,玉树州称多县,2023-02,5.625
yushu-zaduo,玉树州杂多县,2023-02,0.0
guoluo-maqin,果洛州玛沁县,2023-02,4.133333333333334
guoluo-jiuzhi,果洛州久治县,2023-02,3.6470588235294117
haibei-gangcha,海北州刚察县,2023-02,4.705882352941177
huangnan-zeku,黄南州泽库县,2023-02,9.142857142857142
ganzi-shiqu,甘孜州石渠县,2023-02,0.0
ganzi-seda,甘孜州色达县,2023-02,0.0
aba-hongyuan,阿坝州红原县,2023-02,3.4375
gannan-luqu,甘南州碌曲县,2023-02,0.0
naqu-bange,那曲市班戈县,2023-03,0.0
naqu-seni,那曲市色尼区,2023-03,5.6
naqu-nierong,那曲市聂荣县,2023-03,15.875
naqu-anduo,那曲市安多县,2023-03,0.0
naqu-shenzha,那曲市申扎县,2023-03,6.2631578947368425
changdu-karuo,昌都市卡若区,2023-03,0.6666666666666666
changdu-luolong,昌都市洛隆县,2023-03,0.0
changdu-leiwuqi,昌都市类乌齐县,2023-03,1.0833333333333333
changdu-jiangda,昌都市江达县,2023-03,0.0
rikaze-xietongmen,日喀则市谢通门县,2023-03,0.0
rikaze-jiangzi,日喀则市江孜县,2023-03,0.0
rikaze-kangma,日喀则市康马县,2023-03,0.0
rikaze-zhongba,日喀则市仲巴县,2023-03,0.0
shannan-cuona,山南市措那县,2023-03,19.3
ali-gaize,阿里地区改则县,2023-03,0.0
yushu-chengduo,玉树州称多县,2023-03,5.444444444444445
yushu-zaduo,玉树州杂多县,2023-03,1.5714285714285714
guoluo-maqin,果洛州玛沁县,2023-03,0.0
guoluo-jiuzhi,果洛州久治县,2023-03,0.0
haibei-gangcha,海北州刚察县,2023-03,6.304347826086956
huangnan-zeku,黄南州泽库县,2023-03,4.9375
ganzi-shiqu,甘孜州石渠县,2023-03,10.583333333333334
ganzi-seda,甘孜州色达县,2023-03,6.928571428571429
aba-hongyuan,阿坝州红原县,2023-03,6.294117647058823
gannan-luqu,甘南州碌曲县,2023-03,0.0
naqu-bange,那曲市班戈县,2023-04,0.0
naqu-seni,那曲市色尼区,2023-04,10.235294117647058
naqu-nierong,那曲市聂荣县,2023-04,7.266666666666667
naqu-anduo,那曲市安多县,2023-04,8.357142857142858
naqu-shenzha,那曲市申扎县,2023-04,0.0
changdu-karuo,昌都市卡若区,2023-04,0.0
changdu-luolong,昌都市洛隆县,2023-04,0.0
changdu-leiwuqi,昌都市类乌齐县,2023-04,6.7
changdu-jiangda,昌都市江达县,2023-04,4.5
rikaze-xietongmen,日喀则市谢通门县,2023-04,0.0
rikaze-jiangzi,日喀则市江孜县,2023-04,0.0
rikaze-kangma,日喀则市康马县,2023-04,0.0
rikaze-zhongba,日喀则市仲巴县,2023-04,3.85
shannan-cuona,山南市措那县,2023-04,6.882352941176471
ali-gaize,阿里地区改则县,2023-04,0.0
yushu-chengduo,玉树州称多县,2023-04,0.9473684210526315
yushu-zaduo,玉树州杂多县,2023-04,0.0
guoluo-maqin,果洛州玛沁县,2023-04,1.2083333333333333
guoluo-jiuzhi,果洛州久治县,2023-04,0.0
haibei-gangcha,海北州刚察县,2023-04,0.0
huangnan-zeku,黄南州泽库县,2023-04,1.65
ganzi-shiqu,甘孜州石渠县,2023-04,0.0
ganzi-seda,甘孜州色达县,2023-04,0.0
aba-hongyuan,阿坝州红原县,2023-04,0.0
gannan-luqu,甘南州碌曲县,2023-04,0.0
naqu-bange,那曲市班戈县,2023-05,0.0
naqu-seni,那曲市色尼区,2023-05,0.0
naqu-nierong,那曲市聂荣县,2023-05,0.0
naqu-anduo,那曲市安多县,2023-05,6.214285714285714
naqu-shenzha,那曲市申扎县,2023-05,6.3125
changdu-karuo,昌都市卡若区,2023-05,0.0
changdu-luolong,昌都市洛隆县,2023-05,0.0
changdu-leiwuqi,昌都市类乌齐县,2023-05,0.0
changdu-jiangda,昌都市江达县,2023-05,0.0
rikaze-xietongmen,日喀则市谢通门县,2023-05,0.0
rikaze-jiangzi,日喀则市江孜县,2023-05,0.0
rikaze-kangma,日喀则市康马县,2023-05,0.0
rikaze-zhongba,日喀则市仲巴县,2023-05,0.0
shannan-cuona,山南市措那县,2023-05,0.0
ali-gaize,阿里地区改则县,2023-05,0.0
yushu-chengduo,玉树州称多县,2023-05,2.75
yushu-zaduo,玉树州杂多县,2023-05,0.0
guoluo-maqin,果洛州玛沁县,2023-05,0.0
guoluo-jiuzhi,果洛州久治县,2023-05,0.0
haibei-gangcha,海北州刚察县,2023-05,0.0
huangnan-zeku,黄南州泽库县,2023-05,6.25
ganzi-shiqu,甘孜州石渠县,2023-05,0.0
ganzi-seda,甘孜州色达县,2023-05,0.0
aba-hongyuan,阿坝州红原县,2023-05,0.0
gannan-luqu,甘南州碌曲县,2023-05,0.0
naqu-bange,那曲市班戈县,2023-06,0.0
naqu-seni,那曲市色尼区,2023-06,0.0
naqu-nierong,那曲市聂荣县,2023-06,0.0
naqu-anduo,那曲市安多县,2023-06,0.0
naqu-shenzha,那曲市申扎县,2023-06,0.0
changdu-karuo,昌都市卡若区,2023-06,0.0
changdu-luolong,昌都市洛隆县,2023-06,0.0
changdu-leiwuqi,昌都市类乌齐县,2023-06,0.0
changdu-jiangda,昌都市江达县,2023-06,0.0
rikaze-xietongmen,日喀则市谢通门县,2023-06,0.0
rikaze-jiangzi,日喀则市江孜县,2023-06,0.0
rikaze-kangma,日喀则市康马县,2023-06,0.4782608695652174
rikaze-zhongba,日喀则市仲巴县,2023-06,0.0
shannan-cuona,山南市措那县,2023-06,0.0
ali-gaize,阿里地区改则县,2023-06,0.0
yushu-chengduo,玉树州称多县,2023-06,0.0
yushu-zaduo,玉树州杂多县,2023-06,0.0
guoluo-maqin,果洛州玛沁县,2023-06,0.0
guoluo-jiuzhi,果洛州久治县,2023-06,0.0
haibei-gangcha,海北州刚察县,2023-06,0.0
huangnan-zeku,黄南州泽库县,2023-06,0.0
ganzi-shiqu,甘孜州石渠县,2023-06,0.0
ganzi-seda,甘孜州色达县,2023-06,0.0
aba-hongyuan,阿坝州红原县,2023-06,0.0
gannan-luqu,甘南州碌曲县,2023-06,0.0
naqu-bange,那曲市班戈县,2023-07,0.0
naqu-seni,那曲市色尼区,2023-07,0.0
naqu-nierong,那曲市聂荣县,2023-07,0.0
naqu-anduo,那曲市安多县,2023-07,0.0
naqu-shenzha,那曲市申扎县,2023-07,0.8571428571428571
changdu-karuo,昌都市卡若区,2023-07,1.0
changdu-luolong,昌都市洛隆县,2023-07,0.0
changdu-leiwuqi,昌都市类乌齐县,2023-07,0.0
changdu-jiangda,昌都市江达县,2023-07,0.0
rikaze-xietongmen,日喀则市谢通门县,2023-07,0.0
rikaze-jiangzi,日喀则市江孜县,2023-07,0.0
rikaze-kangma,日喀则市康马县,2023-07,1.0
rikaze-zhongba,日喀则市仲巴县,2023-07,0.0
shannan-cuona,山南市措那县,2023-07,0.0
ali-gaize,阿里地区改则县,2023-07,0.0
yushu-chengduo,玉树州称多县,2023-07,0.0
yushu-zaduo,玉树州杂多县,2023-07,0.0
guoluo-maqin,果洛州玛沁县,2023-07,0.0
guoluo-jiuzhi,果洛州久治县,2023-07,0.0
haibei-gangcha,海北州刚察县,2023-07,0.0
huangnan-zeku,黄南州泽库县,2023-07,0.0
ganzi-shiqu,甘孜州石渠县,2023-07,0.0
ganzi-seda,甘孜州色达县,2023-07,0.0
aba-hongyuan,阿坝州红原县,2023-07,0.0
gannan-luqu,甘南州碌曲县,2023-07,0.0
naqu-bange,那曲市班戈县,2023-08,0.0
naqu-seni,那曲市色尼区,2023-08,0.0
naqu-nierong,那曲市聂荣县,2023-08,0.0
naqu-anduo,那曲市安多县,2023-08,0.0
naqu-shenzha,那曲市申扎县,2023-08,0.0
changdu-karuo,昌都市卡若区,2023-08,0.0
changdu-luolong,昌都市洛隆县,2023-08,0.0
changdu-leiwuqi,昌都市类乌齐县,2023-08,0.0
changdu-jiangda,昌都市江达县,2023-08,2.0
rikaze-xietongmen,日喀则市谢通门县,2023-08,0.0
rikaze-jiangzi,日喀则市江孜县,2023-08,0.0
rikaze-kangma,日喀则市康马县,2023-08,0.6666666666666666
rikaze-zhongba,日喀则市仲巴县,2023-08,0.0
shannan-cuona,山南市措那县,2023-08,0.0
ali-gaize,阿里地区改则县,2023-08,0.0
yushu-chengduo,玉树州称多县,2023-08,0.0
yushu-zaduo,玉树州杂多县,2023-08,0.0
guoluo-maqin,果洛州玛沁县,2023-08,0.0
guoluo-jiuzhi,果洛州久治县,2023-08,0.0
haibei-gangcha,海北州刚察县,2023-08,0.0
huangnan-zeku,黄南州泽库县,2023-08,0.0
ganzi-shiqu,甘孜州石渠县,2023-08,0.0
ganzi-seda,甘孜州色达县,2023-08,0.0
aba-hongyuan,阿坝州红原县,2023-08,0.0
gannan-luqu,甘南州碌曲县,2023-08,0.0
naqu-bange,那曲市班戈县,2023-09,0.0
naqu-seni,那曲市色尼区,2023-09,0.0
naqu-nierong,那曲市聂荣县,2023-09,0.0
naqu-anduo,那曲市安多县,2023-09,0.0
naqu-shenzha,那曲市申扎县,2023-09,3.611111111111111
changdu-karuo,昌都市卡若区,2023-09,0.0
changdu-luolong,昌都市洛隆县,2023-09,0.0
changdu-leiwuqi,昌都市类乌齐县,2023-09,0.0
changdu-jiangda,昌都市江达县,2023-09,0.0
rikaze-xietongmen,日喀则市谢通门县,2023-09,0.0
rikaze-jiangzi,日喀则市江孜县,2023-09,0.0
rikaze-kangma,日喀则市康马县,2023-09,0.0
rikaze-zhongba,日喀则市仲巴县,2023-09,0.0
shannan-cuona,山南市措那县,2023-09,0.0
ali-gaize,阿里地区改则县,2023-09,0.0
yushu-chengduo,玉树州称多县,2023-09,0.0
yushu-zaduo,玉树州杂多县,2023-09,0.0
guoluo-maqin,果洛州玛沁县,2023-09,0.0
guoluo-jiuzhi,果洛州久治县,2023-09,0.0
haibei-gangcha,海北州刚察县,2023-09,0.0
huangnan-zeku,黄南州泽库县,2023-09,0.0
ganzi-shiqu,甘孜州石渠县,2023-09,0.0
ganzi-seda,甘孜州色达县,2023-09,0.0
aba-hongyuan,阿坝州红原县,2023-09,0.0
gannan-luqu,甘南州碌曲县,2023-09,0.0
naqu-bange,那曲市班戈县,2023-10,0.0
naqu-seni,那曲市色尼区,2023-10,4.25
naqu-nierong,那曲市聂荣县,2023-10,9.714285714285714
naqu-anduo,那曲市安多县,2023-10,4.095238095238095
naqu-shenzha,那曲市申扎县,2023-10,1.0434782608695652
changdu-karuo,昌都市卡若区,2023-10,0.0
changdu-luolong,昌都市洛隆县,2023-10,0.0
changdu-leiwuqi,昌都市类乌齐县,2023-10,0.0
changdu-jiangda,昌都市江达县,2023-10,0.0
rikaze-xietongmen,日喀则市谢通门县,2023-10,0.0
rikaze-jiangzi,日喀则市江孜县,2023-10,0.0
rikaze-kangma,日喀则市康马县,2023-10,0.0
rikaze-zhongba,日喀则市仲巴县,2023-10,0.0
shannan-cuona,山南市措那县,2023-10,0.0
ali-gaize,阿里地区改则县,2023-10,0.0
yushu-chengduo,玉树州称多县,2023-10,3.1
yushu-zaduo,玉树州杂多县,2023-10,0.0
guoluo-maqin,果洛州玛沁县,2023-10,0.0
guoluo-jiuzhi,果洛州久治县,2023-10,0.0
haibei-gangcha,海北州刚察县,2023-10,0.0
huangnan-zeku,黄南州泽库县,2023-10,0.0
ganzi-shiqu,甘孜州石渠县,2023-10,0.0
ganzi-seda,甘孜州色达县,2023-10,0.0
aba-hongyuan,阿坝州红原县,2023-10,0.0
gannan-luqu,甘南州碌曲县,2023-10,0.0
naqu-bange,那曲市班戈县,2023-11,12.724137931034482
naqu-seni,那曲市色尼区,2023-11,0.0
naqu-nierong,那曲市聂荣县,2023-11,2.9166666666666665
naqu-anduo,那曲市安多县,2023-11,2.0416666666666665
naqu-shenzha,那曲市申扎县,2023-11,0.0
changdu-karuo,昌都市卡若区,2023-11,0.0
changdu-luolong,昌都市洛隆县,2023-11,0.0
changdu-leiwuqi,昌都市类乌齐县,2023-11,0.0
changdu-jiangda,昌都市江达县,2023-11,0.55
rikaze-xietongmen,日喀则市谢通门县,2023-11,0.0
rikaze-jiangzi,日喀则市江孜县,2023-11,0.0
rikaze-kangma,日喀则市康马县,2023-11,0.0
rikaze-zhongba,日喀则市仲巴县,2023-11,0.0
shannan-cuona,山南市措那县,2023-11,1.1538461538461537
ali-gaize,阿里地区改则县,2023-11,0.0
yushu-chengduo,玉树州称多县,2023-11,0.0
yushu-zaduo,玉树州杂多县,2023-11,2.125
guoluo-maqin,果洛州玛沁县,2023-11,0.0
guoluo-jiuzhi,果洛州久治县,2023-11,2.391304347826087
haibei-gangcha,海北州刚察县,2023-11,0.0
huangnan-zeku,黄南州泽库县,2023-11,0.0
ganzi-shiqu,甘孜州石渠县,2023-11,6.85
ganzi-seda,甘孜州色达县,2023-11,0.0
aba-hongyuan,阿坝州红原县,2023-11,1.1578947368421053
gannan-luqu,甘南州碌曲县,2023-11,0.0
naqu-bange,那曲市班戈县,2023-12,5.92
naqu-seni,那曲市色尼区,2023-12,4.7727272727272725
naqu-nierong,那曲市聂荣县,2023-12,0.5217391304347826
naqu-anduo,那曲市安多县,2023-12,1.0869565217391304
naqu-shenzha,那曲市申扎县,2023-12,11.0
changdu-karuo,昌都市卡若区,2023-12,0.0
changdu-luolong,昌都市洛隆县,2023-12,1.68
changdu-leiwuqi,昌都市类乌齐县,2023-12,1.75
changdu-jiangda,昌都市江达县,2023-12,1.9130434782608696
rikaze-xietongmen,日喀则市谢通门县,2023-12,0.0
rikaze-jiangzi,日喀则市江孜县,2023-12,1.793103448275862
rikaze-kangma,日喀则市康马县,2023-12,4.185185185185185
rikaze-zhongba,日喀则市仲巴县,2023-12,5.0
shannan-cuona,山南市措那县,2023-12,18.48
ali-gaize,阿里地区改则县,2023-12,0.0
yushu-chengduo,玉树州称多县,2023-12,0.0
yushu-zaduo,玉树州杂多县,2023-12,3.7
guoluo-maqin,果洛州玛沁县,2023-12,0.0
guoluo-jiuzhi,果洛州久治县,2023-12,0.0
haibei-gangcha,海北州刚察县,2023-12,0.0
huangnan-zeku,黄南州泽库县,2023-12,0.0
ganzi-shiqu,甘孜州石渠县,2023-12,1.0434782608695652
ganzi-seda,甘孜州色达县,2023-12,0.0
aba-hongyuan,阿坝州红原县,2023-12,0.0
gannan-luqu,甘南州碌曲县,2023-12,0.0
naqu-bange,那曲市班戈县,2024-01,0.0
naqu-seni,那曲市色尼区,2024-01,3.857142857142857
naqu-nierong,那曲市聂荣县,2024-01,0.0
naqu-anduo,那曲市安多县,2024-01,2.25
naqu-shenzha,那曲市申扎县,2024-01,0.0
changdu-karuo,昌都市卡若区,2024-01,0.37037037037037035
changdu-luolong,昌都市洛隆县,2024-01,0.0
changdu-leiwuqi,昌都市类乌齐县,2024-01,0.0
changdu-jiangda,昌都市江达县,2024-01,0.0
rikaze-xietongmen,日喀则市谢通门县,2024-01,0.0
rikaze-jiangzi,日喀则市江孜县,2024-01,0.0
rikaze-kangma,日喀则市康马县,2024-01,0.0
rikaze-zhongba,日喀则市仲巴县,2024-01,0.0
shannan-cuona,山南市措那县,2024-01,0.4782608695652174
ali-gaize,阿里地区改则县,2024-01,0.0
yushu-chengduo,玉树州称多县,2024-01,0.0
yushu-zaduo,玉树州杂多县,2024-01,4.611111111111111
guoluo-maqin,果洛州玛沁县,2024-01,0.0
guoluo-jiuzhi,果洛州久治县,2024-01,3.6538461538461537
haibei-gangcha,海北州刚察县,2024-01,0.0
huangnan-zeku,黄南州泽库县,2024-01,0.0
ganzi-shiqu,甘孜州石渠县,2024-01,2.217391304347826
ganzi-seda,甘孜州色达县,2024-01,0.0
aba-hongyuan,阿坝州红原县,2024-01,0.0
gannan-luqu,甘南州碌曲县,2024-01,0.0
naqu-bange,那曲市班戈县,2024-02,1.7894736842105263
naqu-seni,那曲市色尼区,2024-02,1.3333333333333333
naqu-nierong,那曲市聂荣县,2024-02,0.0
naqu-anduo,那曲市安多县,2024-02,3.176470588235294
naqu-shenzha,那曲市申扎县,2024-02,0.0
changdu-karuo,昌都市卡若区,2024-02,0.0
changdu-luolong,昌都市洛隆县,2024-02,0.0
changdu-leiwuqi,昌都市类乌齐县,2024-02,1.6
changdu-jiangda,昌都市江达县,2024-02,0.0
rikaze-xietongmen,日喀则市谢通门县,2024-02,0.0
rikaze-jiangzi,日喀则市江孜县,2024-02,0.0
rikaze-kangma,日喀则市康马县,2024-02,0.0
rikaze-zhongba,日喀则市仲巴县,2024-02,0.0
shannan-cuona,山南市措那县,2024-02,1.8421052631578947
ali-gaize,阿里地区改则县,2024-02,0.0
yushu-chengduo,玉树州称多县,2024-02,6.222222222222222
yushu-zaduo,玉树州杂多县,2024-02,2.3333333333333335
guoluo-maqin,果洛州玛沁县,2024-02,0.8333333333333334
guoluo-jiuzhi,果洛州久治县,2024-02,8.6
haibei-gangcha,海北州刚察县,2024-02,11.666666666666666
huangnan-zeku,黄南州泽库县,2024-02,0.0
ganzi-shiqu,甘孜州石渠县,2024-02,3.2222222222222223
ganzi-seda,甘孜州色达县,2024-02,1.8461538461538463
aba-hongyuan,阿坝州红原县,2024-02,0.0
gannan-luqu,甘南州碌曲县,2024-02,4.166666666666667
naqu-bange,那曲市班戈县,2024-03,0.0
naqu-seni,那曲市色尼区,2024-03,0.0
naqu-nierong,那曲市聂荣县,2024-03,0.0
naqu-anduo,那曲市安多县,2024-03,0.9130434782608695
naqu-shenzha,那曲市申扎县,2024-03,0.0
changdu-karuo,昌都市卡若区,2024-03,0.0
changdu-luolong,昌都市洛隆县,2024-03,1.3571428571428572
changdu-leiwuqi,昌都市类乌齐县,2024-03,1.1333333333333333
changdu-jiangda,昌都市江达县,2024-03,0.0
rikaze-xietongmen,日喀则市谢通门县,2024-03,0.0
rikaze-jiangzi,日喀则市江孜县,2024-03,0.0
rikaze-kangma,日喀则市康马县,2024-03,1.4545454545454546
rikaze-zhongba,日喀则市仲巴县,2024-03,0.0
shannan-cuona,山南市措那县,2024-03,6.6521739130434785
ali-gaize,阿里地区改则县,2024-03,0.0
yushu-chengduo,玉树州称多县,2024-03,0.0
yushu-zaduo,玉树州杂多县,2024-03,0.0
guoluo-maqin,果洛州玛沁县,2024-03,0.0
guoluo-jiuzhi,果洛州久治县,2024-03,3.8947368421052633
haibei-gangcha,海北州刚察县,2024-03,0.0
huangnan-zeku,黄南州泽库县,2024-03,2.9444444444444446
ganzi-shiqu,甘孜州石渠县,2024-03,2.411764705882353
ganzi-seda,甘孜州色达县,2024-03,1.588235294117647
aba-hongyuan,阿坝州红原县,2024-03,3.4705882352941178
gannan-luqu,甘南州碌曲县,2024-03,0.0
naqu-bange,那曲市班戈县,2024-04,0.0
naqu-seni,那曲市色尼区,2024-04,2.076923076923077
naqu-nierong,那曲市聂荣县,2024-04,0.0
naqu-anduo,那曲市安多县,2024-04,0.0
naqu-shenzha,那曲市申扎县,2024-04,1.9375
changdu-karuo,昌都市卡若区,2024-04,0.0
changdu-luolong,昌都市洛隆县,2024-04,0.0
changdu-leiwuqi,昌都市类乌齐县,2024-04,4.0
changdu-jiangda,昌都市江达县,2024-04,0.0
rikaze-xietongmen,日喀则市谢通门县,2024-04,0.0
rikaze-jiangzi,日喀则市江孜县,2024-04,0.0
rikaze-kangma,日喀则市康马县,2024-04,0.0
rikaze-zhongba,日喀则市仲巴县,2024-04,0.0
shannan-cuona,山南市措那县,2024-04,9.818181818181818
ali-gaize,阿里地区改则县,2024-04,0.0
yushu-chengduo,玉树州称多县,2024-04,0.0
yushu-zaduo,玉树州杂多县,2024-04,0.0
guoluo-maqin,果洛州玛沁县,2024-04,0.0
guoluo-jiuzhi,果洛州久治县,2024-04,0.0
haibei-gangcha,海北州刚察县,2024-04,10.76923076923077
huangnan-zeku,黄南州泽库县,2024-04,2.7333333333333334
ganzi-shiqu,甘孜州石渠县,2024-04,10.75
ganzi-seda,甘孜州色达县,2024-04,2.357142857142857
aba-hongyuan,阿坝州红原县,2024-04,0.0
gannan-luqu,甘南州碌曲县,2024-04,0.0
naqu-bange,那曲市班戈县,2024-05,0.0
naqu-seni,那曲市色尼区,2024-05,0.0
naqu-nierong,那曲市聂荣县,2024-05,0.0
naqu-anduo,那曲市安多县,2024-05,0.625
naqu-shenzha,那曲市申扎县,2024-05,0.0
changdu-karuo,昌都市卡若区,2024-05,0.0
changdu-luolong,昌都市洛隆县,2024-05,0.0
changdu-leiwuqi,昌都市类乌齐县,2024-05,0.0
changdu-jiangda,昌都市江达县,2024-05,0.0
rikaze-xietongmen,日喀则市谢通门县,2024-05,0.0
rikaze-jiangzi,日喀则市江孜县,2024-05,0.0
rikaze-kangma,日喀则市康马县,2024-05,0.0
rikaze-zhongba,日喀则市仲巴县,2024-05,0.0
shannan-cuona,山南市措那县,2024-05,8.923076923076923
ali-gaize,阿里地区改则县,2024-05,0.0
yushu-chengduo,玉树州称多县,2024-05,0.0
yushu-zaduo,玉树州杂多县,2024-05,0.0
guoluo-maqin,果洛州玛沁县,2024-05,0.0
guoluo-jiuzhi,果洛州久治县,2024-05,0.0
haibei-gangcha,海北州刚察县,2024-05,0.0
huangnan-zeku,黄南州泽库县,2024-05,0.0
ganzi-shiqu,甘孜州石渠县,2024-05,0.0
ganzi-seda,甘孜州色达县,2024-05,0.0
aba-hongyuan,阿坝州红原县,2024-05,0.0
gannan-luqu,甘南州碌曲县,2024-05,0.0
naqu-bange,那曲市班戈县,2024-06,0.0
naqu-seni,那曲市色尼区,2024-06,0.0
naqu-nierong,那曲市聂荣县,2024-06,0.0
naqu-anduo,那曲市安多县,2024-06,0.0
naqu-shenzha,那曲市申扎县,2024-06,0.0
changdu-karuo,昌都市卡若区,2024-06,1.5
changdu-luolong,昌都市洛隆县,2024-06,0.0
changdu-leiwuqi,昌都市类乌齐县,2024-06,0.0
changdu-jiangda,昌都市江达县,2024-06,0.0
rikaze-xietongmen,日喀则市谢通门县,2024-06,0.0
rikaze-jiangzi,日喀则市江孜县,2024-06,0.0
rikaze-kangma,日喀则市康马县,2024-06,0.0
rikaze-zhongba,日喀则市仲巴县,2024-06,0.0
shannan-cuona,山南市措那县,2024-06,0.0
ali-gaize,阿里地区改则县,2024-06,0.0
yushu-chengduo,玉树州称多县,2024-06,0.0
yushu-zaduo,玉树州杂多县,2024-06,0.0
guoluo-maqin,果洛州玛沁县,2024-06,0.0
guoluo-jiuzhi,果洛州久治县,2024-06,0.0
haibei-gangcha,海北州刚察县,2024-06,0.0
huangnan-zeku,黄南州泽库县,2024-06,0.0
ganzi-shiqu,甘孜州石渠县,2024-06,0.0
ganzi-seda,甘孜州色达县,2024-06,0.0
aba-hongyuan,阿坝州红原县,2024-06,0.0
gannan-luqu,甘南州碌曲县,2024-06,0.0
naqu-bange,那曲市班戈县,2024-07,0.0
naqu-seni,那曲市色尼区,2024-07,0.0
naqu-nierong,那曲市聂荣县,2024-07,0.0
naqu-anduo,那曲市安多县,2024-07,1.5384615384615385
naqu-shenzha,那曲市申扎县,2024-07,1.1875
changdu-karuo,昌都市卡若区,2024-07,0.0
changdu-luolong,昌都市洛隆县,2024-07,0.0
changdu-leiwuqi,昌都市类乌齐县,2024-07,0.0
changdu-jiangda,昌都市江达县,2024-07,0.0
rikaze-xietongmen,日喀则市谢通门县,2024-07,0.0
rikaze-jiangzi,日喀则市江孜县,2024-07,0.0
rikaze-kangma,日喀则市康马县,2024-07,0.0
rikaze-zhongba,日喀则市仲巴县,2024-07,0.0
shannan-cuona,山南市措那县,2024-07,0.0
ali-gaize,阿里地区改则县,2024-07,0.0
yushu-chengduo,玉树州称多县,2024-07,0.0
yushu-zaduo,玉树州杂多县,2024-07,0.0
guoluo-maqin,果洛州玛沁县,2024-07,0.0
guoluo-jiuzhi,果洛州久治县,2024-07,0.0
haibei-gangcha,海北州刚察县,2024-07,0.0
huangnan-zeku,黄南州泽库县,2024-07,1.7142857142857142
ganzi-shiqu,甘孜州石渠县,2024-07,0.0
ganzi-seda,甘孜州色达县,2024-07,0.0
aba-hongyuan,阿坝州红原县,2024-07,0.0
gannan-luqu,甘南州碌曲县,2024-07,1.5
naqu-bange,那曲市班戈县,2024-08,0.0
naqu-seni,那曲市色尼区,2024-08,0.0
naqu-nierong,那曲市聂荣县,2024-08,0.0
naqu-anduo,那曲市安多县,2024-08,0.0
naqu-shenzha,那曲市申扎县,2024-08,0.0
changdu-karuo,昌都市卡若区,2024-08,0.0
changdu-luolong,昌都市洛隆县,2024-08,0.0
changdu-leiwuqi,昌都市类乌齐县,2024-08,0.0
changdu-jiangda,昌都市江达县,2024-08,0.0
rikaze-xietongmen,日喀则市谢通门县,2024-08,0.0
rikaze-jiangzi,日喀则市江孜县,2024-08,0.0
rikaze-kangma,日喀则市康马县,2024-08,0.0
rikaze-zhongba,日喀则市仲巴县,2024-08,0.0
shannan-cuona,山南市措那县,2024-08,0.0
ali-gaize,阿里地区改则县,2024-08,0.6521739130434783
yushu-chengduo,玉树州称多县,2024-08,0.0
yushu-zaduo,玉树州杂多县,2024-08,0.0
guoluo-maqin,果洛州玛沁县,2024-08,0.7894736842105263
guoluo-jiuzhi,果洛州久治县,2024-08,0.0
haibei-gangcha,海北州刚察县,2024-08,0.0
huangnan-zeku,黄南州泽库县,2024-08,0.0
ganzi-shiqu,甘孜州石渠县,2024-08,0.0
ganzi-seda,甘孜州色达县,2024-08,0.5
aba-hongyuan,阿坝州红原县,2024-08,0.0
gannan-luqu,甘南州碌曲县,2024-08,0.0
naqu-bange,那曲市班戈县,2024-09,0.0
naqu-seni,那曲市色尼区,2024-09,0.0
naqu-nierong,那曲市聂荣县,2024-09,0.0
naqu-anduo,那曲市安多县,2024-09,0.0
naqu-shenzha,那曲市申扎县,2024-09,0.0
changdu-karuo,昌都市卡若区,2024-09,0.0
changdu-luolong,昌都市洛隆县,2024-09,0.0
changdu-leiwuqi,昌都市类乌齐县,2024-09,0.0
changdu-jiangda,昌都市江达县,2024-09,0.0
rikaze-xietongmen,日喀则市谢通门县,2024-09,0.0
rikaze-jiangzi,日喀则市江孜县,2024-09,0.0
rikaze-kangma,日喀则市康马县,2024-09,0.0
rikaze-zhongba,日喀则市仲巴县,2024-09,0.9473684210526315
shannan-cuona,山南市措那县,2024-09,0.0
ali-gaize,阿里地区改则县,2024-09,0.0
yushu-chengduo,玉树州称多县,2024-09,0.0
yushu-zaduo,玉树州杂多县,2024-09,0.0
guoluo-maqin,果洛州玛沁县,2024-09,0.0
guoluo-jiuzhi,果洛州久治县,2024-09,0.0
haibei-gangcha,海北州刚察县,2024-09,0.0
huangnan-zeku,黄南州泽库县,2024-09,0.0
ganzi-shiqu,甘孜州石渠县,2024-09,0.0
ganzi-seda,甘孜州色达县,2024-09,0.0
aba-hongyuan,阿坝州红原县,2024-09,0.0
gannan-luqu,甘南州碌曲县,2024-09,0.0
naqu-bange,那曲市班戈县,2024-10,0.0
naqu-seni,那曲市色尼区,2024-10,0.0
naqu-nierong,那曲市聂荣县,2024-10,0.0
naqu-anduo,那曲市安多县,2024-10,0.0
naqu-shenzha,那曲市申扎县,2024-10,0.0
changdu-karuo,昌都市卡若区,2024-10,0.0
changdu-luolong,昌都市洛隆县,2024-10,0.0
changdu-leiwuqi,昌都市类乌齐县,2024-10,0.0
changdu-jiangda,昌都市江达县,2024-10,0.0
rikaze-xietongmen,日喀则市谢通门县,2024-10,0.0
rikaze-jiangzi,日喀则市江孜县,2024-10,0.0
rikaze-kangma,日喀则市康马县,2024-10,0.0
rikaze-zhongba,日喀则市仲巴县,2024-10,0.0
shannan-cuona,山南市措那县,2024-10,0.0
ali-gaize,阿里地区改则县,2024-10,0.0
yushu-chengduo,玉树州称多县,2024-10,0.0
yushu-zaduo,玉树州杂多县,2024-10,0.0
guoluo-maqin,果洛州玛沁县,2024-10,0.0
guoluo-jiuzhi,果洛州久治县,2024-10,0.0
haibei-gangcha,海北州刚察县,2024-10,0.0
huangnan-zeku,黄南州泽库县,2024-10,2.1052631578947367
ganzi-shiqu,甘孜州石渠县,2024-10,0.0
ganzi-seda,甘孜州色达县,2024-10,0.6666666666666666
aba-hongyuan,阿坝州红原县,2024-10,0.0
gannan-luqu,甘南州碌曲县,2024-10,0.0
naqu-bange,那曲市班戈县,2024-11,0.0
naqu-seni,那曲市色尼区,2024-11,0.0
naqu-nierong,那曲市聂荣县,2024-11,0.0
naqu-anduo,那曲市安多县,2024-11,0.0
naqu-shenzha,那曲市申扎县,2024-11,0.0
changdu-karuo,昌都市卡若区,2024-11,0.0
changdu-luolong,昌都市洛隆县,2024-11,0.0
changdu-leiwuqi,昌都市类乌齐县,2024-11,0.0
changdu-jiangda,昌都市江达县,2024-11,0.0
rikaze-xietongmen,日喀则市谢通门县,2024-11,0.0
rikaze-jiangzi,日喀则市江孜县,2024-11,0.0
rikaze-kangma,日喀则市康马县,2024-11,0.46153846153846156
rikaze-zhongba,日喀则市仲巴县,2024-11,0.0
shannan-cuona,山南市措那县,2024-11,0.0
ali-gaize,阿里地区改则县,2024-11,0.0
yushu-chengduo,玉树州称多县,2024-11,0.0
yushu-zaduo,玉树州杂多县,2024-11,2.391304347826087
guoluo-maqin,果洛州玛沁县,2024-11,1.8695652173913044
guoluo-jiuzhi,果洛州久治县,2024-11,0.9375
haibei-gangcha,海北州刚察县,2024-11,2.8421052631578947
huangnan-zeku,黄南州泽库县,2024-11,2.2941176470588234
ganzi-shiqu,甘孜州石渠县,2024-11,0.0
ganzi-seda,甘孜州色达县,2024-11,0.0
aba-hongyuan,阿坝州红原县,2024-11,5.588235294117647
gannan-luqu,甘南州碌曲县,2024-11,6.5
naqu-bange,那曲市班戈县,2024-12,0.0
naqu-seni,那曲市色尼区,2024-12,0.0
naqu-nierong,那曲市聂荣县,2024-12,0.0
naqu-anduo,那曲市安多县,2024-12,0.0
naqu-shenzha,那曲市申扎县,2024-12,0.0
changdu-karuo,昌都市卡若区,2024-12,0.0
changdu-luolong,昌都市洛隆县,2024-12,0.0
changdu-leiwuqi,昌都市类乌齐县,2024-12,0.0
changdu-jiangda,昌都市江达县,2024-12,0.0
rikaze-xietongmen,日喀则市谢通门县,2024-12,0.0
rikaze-jiangzi,日喀则市江孜县,2024-12,0.0
rikaze-kangma,日喀则市康马县,2024-12,0.5185185185185185
rikaze-zhongba,日喀则市仲巴县,2024-12,0.0
shannan-cuona,山南市措那县,2024-12,1.9642857142857142
ali-gaize,阿里地区改则县,2024-12,0.0
yushu-chengduo,玉树州称多县,2024-12,6.666666666666667
yushu-zaduo,玉树州杂多县,2024-12,0.8947368421052632
guoluo-maqin,果洛州玛沁县,2024-12,0.0
guoluo-jiuzhi,果洛州久治县,2024-12,2.590909090909091
haibei-gangcha,海北州刚察县,2024-12,0.9
huangnan-zeku,黄南州泽库县,2024-12,6.875
ganzi-shiqu,甘孜州石渠县,2024-12,0.0
ganzi-seda,甘孜州色达县,2024-12,0.0
aba-hongyuan,阿坝州红原县,2024-12,0.0
gannan-luqu,甘南州碌曲县,2024-12,0.0
