region_id,station,observed_at,temperature_c,precipitation_mm_24h,wind_speed_mps,snow_depth_cm,cold_wave_risk,snowstorm_risk,drought_risk,data_source,source_id,dataset_name,is_sample
naqu-bange,CMFD_naqu-bange,2023-01-01 00:00,-9.2,0.67,5.6,0,中,中,中,tpdc,cmfd-v2,CMFD_V0200,false
naqu-bange,CMFD_naqu-bange,2023-02-01 00:00,-3.5,0.72,6.8,0,中,中,中,tpdc,cmfd-v2,CMFD_V0200,false
naqu-bange,CMFD_naqu-bange,2023-03-01 00:00,-1.4,0.54,8.1,0,中,中,中,tpdc,cmfd-v2,CMFD_V0200,false
naqu-bange,CMFD_naqu-bange,2023-04-01 00:00,1.1,0.44,8.8,0,低,低,低,tpdc,cmfd-v2,CMFD_V0200,false
naqu-bange,CMFD_naqu-bange,2023-05-01 00:00,0.4,0.19,7.3,0,低,低,低,tpdc,cmfd-v2,CMFD_V0200,false
naqu-bange,CMFD_naqu-bange,2023-06-01 00:00,-3.7,0.11,6.8,0,中,低,低,tpdc,cmfd-v2,CMFD_V0200,false
naqu-bange,CMFD_naqu-bange,2023-07-01 00:00,-10.9,0.16,6.4,0,高,低,低,tpdc,cmfd-v2,CMFD_V0200,false
naqu-bange,CMFD_naqu-bange,2023-08-01 00:00,-16.5,0.21,6.4,0,高,低,低,tpdc,cmfd-v2,CMFD_V0200,false
naqu-bange,CMFD_naqu-bange,2023-09-01 00:00,-16.0,0.2,3.6,0,高,低,低,tpdc,cmfd-v2,CMFD_V0200,false
naqu-bange,CMFD_naqu-bange,2023-10-01 00:00,-22.7,0.44,2.5,0,高,低,低,tpdc,cmfd-v2,CMFD_V0200,false
naqu-bange,CMFD_naqu-bange,2023-11-01 00:00,-22.4,0.73,4.6,0,高,中,中,tpdc,cmfd-v2,CMFD_V0200,false
naqu-bange,CMFD_naqu-bange,2023-12-01 00:00,-13.4,0.88,4.7,0,高,中,中,tpdc,cmfd-v2,CMFD_V0200,false
naqu-bange,CMFD_naqu-bange,2024-01-01 00:00,-10.8,0.79,6.1,0,高,中,中,tpdc,cmfd-v2,CMFD_V0200,false
naqu-bange,CMFD_naqu-bange,2024-02-01 00:00,-6.4,0.78,5.7,0,中,中,中,tpdc,cmfd-v2,CMFD_V0200,false
naqu-bange,CMFD_naqu-bange,2024-03-01 00:00,-1.7,0.8,6.3,0,中,中,中,tpdc,cmfd-v2,CMFD_V0200,false
naqu-bange,CMFD_naqu-bange,2024-04-01 00:00,2.3,0.39,8.2,0,低,低,低,tpdc,cmfd-v2,CMFD_V0200,false
naqu-bange,CMFD_naqu-bange,2024-05-01 00:00,0.4,0.28,8.7,0,低,低,低,tpdc,cmfd-v2,CMFD_V0200,false
naqu-bange,CMFD_naqu-bange,2024-06-01 00:00,-8.0,0.11,6.5,0,中,低,低,tpdc,cmfd-v2,CMFD_V0200,false
naqu-bange,CMFD_naqu-bange,2024-07-01 00:00,-11.0,0.14,7.0,0,高,低,低,tpdc,cmfd-v2,CMFD_V0200,false
naqu-bange,CMFD_naqu-bange,2024-08-01 00:00,-15.0,0.16,4.6,0,高,低,低,tpdc,cmfd-v2,CMFD_V0200,false
naqu-bange,CMFD_naqu-bange,2024-09-01 00:00,-20.1,0.21,4.2,0,高,低,低,tpdc,cmfd-v2,CMFD_V0200,false
naqu-bange,CMFD_naqu-bange,2024-10-01 00:00,-22.2,0.37,4.6,0,高,低,低,tpdc,cmfd-v2,CMFD_V0200,false
naqu-bange,CMFD_naqu-bange,2024-11-01 00:00,-23.5,0.53,5.5,0,高,中,中,tpdc,cmfd-v2,CMFD_V0200,false
naqu-bange,CMFD_naqu-bange,2024-12-01 00:00,-17.5,1.01,4.9,0,高,高,中,tpdc,cmfd-v2,CMFD_V0200,false
naqu-seni,CMFD_naqu-seni,2023-01-01 00:00,-9.6,0.73,5.4,0,中,中,中,tpdc,cmfd-v2,CMFD_V0200,false
naqu-seni,CMFD_naqu-seni,2023-02-01 00:00,-2.5,0.87,6.9,0,中,中,中,tpdc,cmfd-v2,CMFD_V0200,false
naqu-seni,CMFD_naqu-seni,2023-03-01 00:00,1.8,0.55,8.2,0,低,中,中,tpdc,cmfd-v2,CMFD_V0200,false
naqu-seni,CMFD_naqu-seni,2023-04-01 00:00,4.4,0.36,8.9,0,低,低,低,tpdc,cmfd-v2,CMFD_V0200,false
naqu-seni,CMFD_naqu-seni,2023-05-01 00:00,1.5,0.35,7.3,0,低,低,低,tpdc,cmfd-v2,CMFD_V0200,false
naqu-seni,CMFD_naqu-seni,2023-06-01 00:00,-2.2,0.2,7.4,0,中,低,低,tpdc,cmfd-v2,CMFD_V0200,false
naqu-seni,CMFD_naqu-seni,2023-07-01 00:00,-6.8,0.09,7.2,0,中,低,低,tpdc,cmfd-v2,CMFD_V0200,false
naqu-seni,CMFD_naqu-seni,2023-08-01 00:00,-14.5,0.25,5.7,0,高,低,低,tpdc,cmfd-v2,CMFD_V0200,false
naqu-seni,CMFD_naqu-seni,2023-09-01 00:00,-23.8,0.42,4.2,0,高,低,低,tpdc,cmfd-v2,CMFD_V0200,false
naqu-seni,CMFD_naqu-seni,2023-10-01 00:00,-18.4,0.3,3.1,0,高,低,低,tpdc,cmfd-v2,CMFD_V0200,false
naqu-seni,CMFD_naqu-seni,2023-11-01 00:00,-20.7,0.67,6.3,0,高,中,中,tpdc,cmfd-v2,CMFD_V0200,false
naqu-seni,CMFD_naqu-seni,2023-12-01 00:00,-15.4,0.81,5.8,0,高,中,中,tpdc,cmfd-v2,CMFD_V0200,false
naqu-seni,CMFD_naqu-seni,2024-01-01 00:00,-9.5,0.78,6.0,0,中,中,中,tpdc,cmfd-v2,CMFD_V0200,false
naqu-seni,CMFD_naqu-seni,2024-02-01 00:00,-1.8,0.72,6.8,0,中,中,中,tpdc,cmfd-v2,CMFD_V0200,false
naqu-seni,CMFD_naqu-seni,2024-03-01 00:00,-0.7,0.53,8.6,0,中,中,中,tpdc,cmfd-v2,CMFD_V0200,false
naqu-seni,CMFD_naqu-seni,2024-04-01 00:00,5.7,0.61,7.1,0,低,中,低,tpdc,cmfd-v2,CMFD_V0200,false
naqu-seni,CMFD_naqu-seni,2024-05-01 00:00,1.0,0.24,8.9,0,低,低,低,tpdc,cmfd-v2,CMFD_V0200,false
naqu-seni,CMFD_naqu-seni,2024-06-01 00:00,-3.0,0.26,5.7,0,中,低,低,tpdc,cmfd-v2,CMFD_V0200,false
naqu-seni,CMFD_naqu-seni,2024-07-01 00:00,-9.2,0.04,7.0,0,中,低,低,tpdc,cmfd-v2,CMFD_V0200,false
naqu-seni,CMFD_naqu-seni,2024-08-01 00:00,-12.4,0.22,6.6,0,高,低,低,tpdc,cmfd-v2,CMFD_V0200,false
naqu-seni,CMFD_naqu-seni,2024-09-01 00:00,-19.4,0.61,3.9,0,高,中,低,tpdc,cmfd-v2,CMFD_V0200,false
naqu-seni,CMFD_naqu-seni,2024-10-01 00:00,-22.1,0.31,3.8,0,高,低,低,tpdc,cmfd-v2,CMFD_V0200,false
naqu-seni,CMFD_naqu-seni,2024-11-01 00:00,-23.0,0.52,3.7,0,高,中,中,tpdc,cmfd-v2,CMFD_V0200,false
naqu-seni,CMFD_naqu-seni,2024-12-01 00:00,-14.7,0.79,5.0,0,高,中,中,tpdc,cmfd-v2,CMFD_V0200,false
naqu-nierong,CMFD_naqu-nierong,2023-01-01 00:00,-12.6,0.89,5.6,0,高,中,中,tpdc,cmfd-v2,CMFD_V0200,false
naqu-nierong,CMFD_naqu-nierong,2023-02-01 00:00,-2.4,0.8,7.0,0,中,中,中,tpdc,cmfd-v2,CMFD_V0200,false
naqu-nierong,CMFD_naqu-nierong,2023-03-01 00:00,-0.2,0.65,8.1,0,中,中,中,tpdc,cmfd-v2,CMFD_V0200,false
naqu-nierong,CMFD_naqu-nierong,2023-04-01 00:00,2.0,0.39,8.6,0,低,低,低,tpdc,cmfd-v2,CMFD_V0200,false
naqu-nierong,CMFD_naqu-nierong,2023-05-01 00:00,4.9,0.19,8.2,0,低,低,低,tpdc,cmfd-v2,CMFD_V0200,false
naqu-nierong,CMFD_naqu-nierong,2023-06-01 00:00,-1.3,0.18,7.4,0,中,低,低,tpdc,cmfd-v2,CMFD_V0200,false
naqu-nierong,CMFD_naqu-nierong,2023-07-01 00:00,-11.0,0.17,7.6,0,高,低,低,tpdc,cmfd-v2,CMFD_V0200,false
naqu-nierong,CMFD_naqu-nierong,2023-08-01 00:00,-17.3,0.31,4.6,0,高,低,低,tpdc,cmfd-v2,CMFD_V0200,false
naqu-nierong,CMFD_naqu-nierong,2023-09-01 00:00,-23.3,0.17,4.4,0,高,低,低,tpdc,cmfd-v2,CMFD_V0200,false
naqu-nierong,CMFD_naqu-nierong,2023-10-01 00:00,-23.2,0.41,2.9,0,高,低,低,tpdc,cmfd-v2,CMFD_V0200,false
naqu-nierong,CMFD_naqu-nierong,2023-11-01 00:00,-22.1,0.49,4.5,0,高,低,中,tpdc,cmfd-v2,CMFD_V0200,false
naqu-nierong,CMFD_naqu-nierong,2023-12-01 00:00,-13.4,0.75,6.0,0,高,中,中,tpdc,cmfd-v2,CMFD_V0200,false
naqu-nierong,CMFD_naqu-nierong,2024-01-01 00:00,-6.9,0.81,5.1,0,中,中,中,tpdc,cmfd-v2,CMFD_V0200,false
naqu-nierong,CMFD_naqu-nierong,2024-02-01 00:00,-5.2,0.71,6.5,0,中,中,中,tpdc,cmfd-v2,CMFD_V0200,false
naqu-nierong,CMFD_naqu-nierong,2024-03-01 00:00,4.5,0.61,6.8,0,低,中,中,tpdc,cmfd-v2,CMFD_V0200,false
naqu-nierong,CMFD_naqu-nierong,2024-04-01 00:00,4.6,0.49,8.5,0,低,低,低,tpdc,cmfd-v2,CMFD_V0200,false
naqu-nierong,CMFD_naqu-nierong,2024-05-01 00:00,0.9,0.33,7.8,0,低,低,低,tpdc,cmfd-v2,CMFD_V0200,false
naqu-nierong,CMFD_naqu-nierong,2024-06-01 00:00,-7.4,0.25,9.5,0,中,低,低,tpdc,cmfd-v2,CMFD_V0200,false
naqu-nierong,CMFD_naqu-nierong,2024-07-01 00:00,-7.8,0.06,4.1,0,中,低,低,tpdc,cmfd-v2,CMFD_V0200,false
naqu-nierong,CMFD_naqu-nierong,2024-08-01 00:00,-15.7,0.13,6.1,0,高,低,低,tpdc,cmfd-v2,CMFD_V0200,false
naqu-nierong,CMFD_naqu-nierong,2024-09-01 00:00,-23.2,0.42,4.8,0,高,低,低,tpdc,cmfd-v2,CMFD_V0200,false
naqu-nierong,CMFD_naqu-nierong,2024-10-01 00:00,-20.6,0.36,3.2,0,高,低,低,tpdc,cmfd-v2,CMFD_V0200,false
naqu-nierong,CMFD_naqu-nierong,2024-11-01 00:00,-19.5,0.5,3.9,0,高,低,中,tpdc,cmfd-v2,CMFD_V0200,false
naqu-nierong,CMFD_naqu-nierong,2024-12-01 00:00,-15.1,0.96,3.9,0,高,中,中,tpdc,cmfd-v2,CMFD_V0200,false
naqu-anduo,CMFD_naqu-anduo,2023-01-01 00:00,-11.6,0.85,5.9,0,高,中,中,tpdc,cmfd-v2,CMFD_V0200,false
naqu-anduo,CMFD_naqu-anduo,2023-02-01 00:00,-2.2,0.8,6.7,0,中,中,中,tpdc,cmfd-v2,CMFD_V0200,false
naqu-anduo,CMFD_naqu-anduo,2023-03-01 00:00,-0.8,0.68,8.4,0,中,中,中,tpdc,cmfd-v2,CMFD_V0200,false
naqu-anduo,CMFD_naqu-anduo,2023-04-01 00:00,0.8,0.46,7.8,0,低,低,低,tpdc,cmfd-v2,CMFD_V0200,false
naqu-anduo,CMFD_naqu-anduo,2023-05-01 00:00,3.0,0.21,7.6,0,低,低,低,tpdc,cmfd-v2,CMFD_V0200,false
naqu-anduo,CMFD_naqu-anduo,2023-06-01 00:00,-6.6,0.63,7.9,0,中,中,低,tpdc,cmfd-v2,CMFD_V0200,false
naqu-anduo,CMFD_naqu-anduo,2023-07-01 00:00,-7.8,0.25,6.5,0,中,低,低,tpdc,cmfd-v2,CMFD_V0200,false
naqu-anduo,CMFD_naqu-anduo,2023-08-01 00:00,-17.2,0.15,4.2,0,高,低,低,tpdc,cmfd-v2,CMFD_V0200,false
naqu-anduo,CMFD_naqu-anduo,2023-09-01 00:00,-17.3,0.35,4.4,0,高,低,低,tpdc,cmfd-v2,CMFD_V0200,false
naqu-anduo,CMFD_naqu-anduo,2023-10-01 00:00,-23.9,0.7,2.6,0,高,中,低,tpdc,cmfd-v2,CMFD_V0200,false
naqu-anduo,CMFD_naqu-anduo,2023-11-01 00:00,-21.5,0.63,4.1,0,高,中,中,tpdc,cmfd-v2,CMFD_V0200,false
naqu-anduo,CMFD_naqu-anduo,2023-12-01 00:00,-17.0,0.59,5.6,0,高,中,中,tpdc,cmfd-v2,CMFD_V0200,false
naqu-anduo,CMFD_naqu-anduo,2024-01-01 00:00,-12.1,0.73,5.1,0,高,中,中,tpdc,cmfd-v2,CMFD_V0200,false
naqu-anduo,CMFD_naqu-anduo,2024-02-01 00:00,-5.8,0.71,7.3,0,中,中,中,tpdc,cmfd-v2,CMFD_V0200,false
naqu-anduo,CMFD_naqu-anduo,2024-03-01 00:00,-3.3,0.55,9.4,0,中,中,中,tpdc,cmfd-v2,CMFD_V0200,false
naqu-anduo,CMFD_naqu-anduo,2024-04-01 00:00,0.0,0.47,9.9,0,低,低,低,tpdc,cmfd-v2,CMFD_V0200,false
naqu-anduo,CMFD_naqu-anduo,2024-05-01 00:00,-1.5,0.21,8.6,0,中,低,低,tpdc,cmfd-v2,CMFD_V0200,false
naqu-anduo,CMFD_naqu-anduo,2024-06-01 00:00,-3.1,0.19,6.8,0,中,低,低,tpdc,cmfd-v2,CMFD_V0200,false
naqu-anduo,CMFD_naqu-anduo,2024-07-01 00:00,-8.7,0.36,8.2,0,中,低,低,tpdc,cmfd-v2,CMFD_V0200,false
naqu-anduo,CMFD_naqu-anduo,2024-08-01 00:00,-14.3,0.27,6.0,0,高,低,低,tpdc,cmfd-v2,CMFD_V0200,false
naqu-anduo,CMFD_naqu-anduo,2024-09-01 00:00,-18.7,0.29,4.3,0,高,低,低,tpdc,cmfd-v2,CMFD_V0200,false
naqu-anduo,CMFD_naqu-anduo,2024-10-01 00:00,-24.4,0.42,4.9,0,高,低,低,tpdc,cmfd-v2,CMFD_V0200,false
naqu-anduo,CMFD_naqu-anduo,2024-11-01 00:00,-20.2,0.59,4.3,0,高,中,中,tpdc,cmfd-v2,CMFD_V0200,false
naqu-anduo,CMFD_naqu-anduo,2024-12-01 00:00,-15.7,0.64,4.8,0,高,中,中,tpdc,cmfd-v2,CMFD_V0200,false
naqu-shenzha,CMFD_naqu-shenzha,2023-01-01 00:00,-9.3,0.65,5.3,0,中,中,中,tpdc,cmfd-v2,CMFD_V0200,false
naqu-shenzha,CMFD_naqu-shenzha,2023-02-01 00:00,-5.7,1.09,7.6,0,中,高,中,tpdc,cmfd-v2,CMFD_V0200,false
naqu-shenzha,CMFD_naqu-shenzha,2023-03-01 00:00,0.3,0.83,7.0,0,低,中,中,tpdc,cmfd-v2,CMFD_V0200,false
naqu-shenzha,CMFD_naqu-shenzha,2023-04-01 00:00,3.1,0.39,8.4,0,低,低,低,tpdc,cmfd-v2,CMFD_V0200,false
naqu-shenzha,CMFD_naqu-shenzha,2023-05-01 00:00,-1.0,0.44,7.8,0,中,低,低,tpdc,cmfd-v2,CMFD_V0200,false
naqu-shenzha,CMFD_naqu-shenzha,2023-06-01 00:00,-3.1,0.12,7.4,0,中,低,低,tpdc,cmfd-v2,CMFD_V0200,false
naqu-shenzha,CMFD_naqu-shenzha,2023-07-01 00:00,-9.4,0.11,5.4,0,中,低,低,tpdc,cmfd-v2,CMFD_V0200,false
naqu-shenzha,CMFD_naqu-shenzha,2023-08-01 00:00,-17.4,0.18,4.6,0,高,低,低,tpdc,cmfd-v2,CMFD_V0200,false
naqu-shenzha,CMFD_naqu-shenzha,2023-09-01 00:00,-17.6,0.17,4.8,0,高,低,低,tpdc,cmfd-v2,CMFD_V0200,false
naqu-shenzha,CMFD_naqu-shenzha,2023-10-01 00:00,-21.3,0.34,1.8,0,高,低,低,tpdc,cmfd-v2,CMFD_V0200,false
naqu-shenzha,CMFD_naqu-shenzha,2023-11-01 00:00,-18.4,0.61,5.1,0,高,中,中,tpdc,cmfd-v2,CMFD_V0200,false
naqu-shenzha,CMFD_naqu-shenzha,2023-12-01 00:00,-17.5,0.78,5.1,0,高,中,中,tpdc,cmfd-v2,CMFD_V0200,false
naqu-shenzha,CMFD_naqu-shenzha,2024-01-01 00:00,-9.9,0.75,6.4,0,中,中,中,tpdc,cmfd-v2,CMFD_V0200,false
naqu-shenzha,CMFD_naqu-shenzha,2024-02-01 00:00,-3.9,0.82,5.5,0,中,中,中,tpdc,cmfd-v2,CMFD_V0200,false
naqu-shenzha,CMFD_naqu-shenzha,2024-03-01 00:00,-0.7,0.58,9.0,0,中,中,中,tpdc,cmfd-v2,CMFD_V0200,false
naqu-shenzha,CMFD_naqu-shenzha,2024-04-01 00:00,3.9,0.46,7.8,0,低,低,低,tpdc,cmfd-v2,CMFD_V0200,false
naqu-shenzha,CMFD_naqu-shenzha,2024-05-01 00:00,2.4,0.31,7.8,0,低,低,低,tpdc,cmfd-v2,CMFD_V0200,false
naqu-shenzha,CMFD_naqu-shenzha,2024-06-01 00:00,-3.7,0.07,6.6,0,中,低,低,tpdc,cmfd-v2,CMFD_V0200,false
naqu-shenzha,CMFD_naqu-shenzha,2024-07-01 00:00,-8.5,0.02,3.7,0,中,低,低,tpdc,cmfd-v2,CMFD_V0200,false
naqu-shenzha,CMFD_naqu-shenzha,2024-08-01 00:00,-14.3,0.06,4.7,0,高,低,低,tpdc,cmfd-v2,CMFD_V0200,false
naqu-shenzha,CMFD_naqu-shenzha,2024-09-01 00:00,-18.7,0.3,5.5,0,高,低,低,tpdc,cmfd-v2,CMFD_V0200,false
naqu-shenzha,CMFD_naqu-shenzha,2024-10-01 00:00,-20.0,0.55,5.9,0,高,中,低,tpdc,cmfd-v2,CMFD_V0200,false
naqu-shenzha,CMFD_naqu-shenzha,2024-11-01 00:00,-18.4,0.76,4.4,0,高,中,中,tpdc,cmfd-v2,CMFD_V0200,false
naqu-shenzha,CMFD_naqu-shenzha,2024-12-01 00:00,-13.5,0.62,4.6,0,高,中,中,tpdc,cmfd-v2,CMFD_V0200,false
changdu-karuo,CMFD_changdu-karuo,2023-01-01 00:00,3.3,0.81,3.1,0,低,中,中,tpdc,cmfd-v2,CMFD_V0200,false
changdu-karuo,CMFD_changdu-karuo,2023-02-01 00:00,9.6,0.87,5.2,0,低,中,中,tpdc,cmfd-v2,CMFD_V0200,false
changdu-karuo,CMFD_changdu-karuo,2023-03-01 00:00,16.1,0.77,6.1,0,低,中,中,tpdc,cmfd-v2,CMFD_V0200,false
changdu-karuo,CMFD_changdu-karuo,2023-04-01 00:00,14.5,0.52,4.8,0,低,中,低,tpdc,cmfd-v2,CMFD_V0200,false
changdu-karuo,CMFD_changdu-karuo,2023-05-01 00:00,9.2,0.4,7.5,0,低,低,低,tpdc,cmfd-v2,CMFD_V0200,false
changdu-karuo,CMFD_changdu-karuo,2023-06-01 00:00,4.5,0.09,6.5,0,低,低,低,tpdc,cmfd-v2,CMFD_V0200,false
changdu-karuo,CMFD_changdu-karuo,2023-07-01 00:00,3.4,0.02,3.1,0,低,低,低,tpdc,cmfd-v2,CMFD_V0200,false
changdu-karuo,CMFD_changdu-karuo,2023-08-01 00:00,-7.3,0.2,2.6,0,中,低,低,tpdc,cmfd-v2,CMFD_V0200,false
changdu-karuo,CMFD_changdu-karuo,2023-09-01 00:00,-10.7,0.39,3.7,0,高,低,低,tpdc,cmfd-v2,CMFD_V0200,false
changdu-karuo,CMFD_changdu-karuo,2023-10-01 00:00,-10.5,0.39,1.1,0,高,低,低,tpdc,cmfd-v2,CMFD_V0200,false
changdu-karuo,CMFD_changdu-karuo,2023-11-01 00:00,-6.1,0.73,1.9,0,中,中,中,tpdc,cmfd-v2,CMFD_V0200,false
changdu-karuo,CMFD_changdu-karuo,2023-12-01 00:00,-5.9,0.91,4.3,0,中,中,中,tpdc,cmfd-v2,CMFD_V0200,false
changdu-karuo,CMFD_changdu-karuo,2024-01-01 00:00,1.5,0.91,4.2,0,低,中,中,tpdc,cmfd-v2,CMFD_V0200,false
changdu-karuo,CMFD_changdu-karuo,2024-02-01 00:00,6.9,0.89,6.4,0,低,中,中,tpdc,cmfd-v2,CMFD_V0200,false
changdu-karuo,CMFD_changdu-karuo,2024-03-01 00:00,12.2,0.76,8.4,0,低,中,中,tpdc,cmfd-v2,CMFD_V0200,false
changdu-karuo,CMFD_changdu-karuo,2024-04-01 00:00,9.9,0.47,6.7,0,低,低,低,tpdc,cmfd-v2,CMFD_V0200,false
changdu-karuo,CMFD_changdu-karuo,2024-05-01 00:00,11.4,0.5,7.4,0,低,中,低,tpdc,cmfd-v2,CMFD_V0200,false
changdu-karuo,CMFD_changdu-karuo,2024-06-01 00:00,5.8,0.1,4.6,0,低,低,低,tpdc,cmfd-v2,CMFD_V0200,false
changdu-karuo,CMFD_changdu-karuo,2024-07-01 00:00,8.5,0.41,3.9,0,低,低,低,tpdc,cmfd-v2,CMFD_V0200,false
changdu-karuo,CMFD_changdu-karuo,2024-08-01 00:00,-5.5,0.09,3.3,0,中,低,低,tpdc,cmfd-v2,CMFD_V0200,false
changdu-karuo,CMFD_changdu-karuo,2024-09-01 00:00,-7.5,0.23,3.5,0,中,低,低,tpdc,cmfd-v2,CMFD_V0200,false
changdu-karuo,CMFD_changdu-karuo,2024-10-01 00:00,-9.0,0.52,1.7,0,中,中,低,tpdc,cmfd-v2,CMFD_V0200,false
changdu-karuo,CMFD_changdu-karuo,2024-11-01 00:00,-9.8,0.63,0.5,0,中,中,中,tpdc,cmfd-v2,CMFD_V0200,false
changdu-karuo,CMFD_changdu-karuo,2024-12-01 00:00,-5.7,0.88,5.1,0,中,中,中,tpdc,cmfd-v2,CMFD_V0200,false
changdu-luolong,CMFD_changdu-luolong,2023-01-01 00:00,-3.1,1.01,3.9,0,中,高,中,tpdc,cmfd-v2,CMFD_V0200,false
changdu-luolong,CMFD_changdu-luolong,2023-02-01 00:00,3.3,0.86,5.9,0,低,中,中,tpdc,cmfd-v2,CMFD_V0200,false
changdu-luolong,CMFD_changdu-luolong,2023-03-01 00:00,10.2,0.68,6.4,0,低,中,中,tpdc,cmfd-v2,CMFD_V0200,false
changdu-luolong,CMFD_changdu-luolong,2023-04-01 00:00,7.3,0.59,4.6,0,低,中,低,tpdc,cmfd-v2,CMFD_V0200,false
changdu-luolong,CMFD_changdu-luolong,2023-05-01 00:00,7.6,0.41,6.5,0,低,低,低,tpdc,cmfd-v2,CMFD_V0200,false
changdu-luolong,CMFD_changdu-luolong,2023-06-01 00:00,4.1,0.19,5.5,0,低,低,低,tpdc,cmfd-v2,CMFD_V0200,false
changdu-luolong,CMFD_changdu-luolong,2023-07-01 00:00,2.2,0.15,5.8,0,低,低,低,tpdc,cmfd-v2,CMFD_V0200,false
changdu-luolong,CMFD_changdu-luolong,2023-08-01 00:00,-4.1,0.1,4.2,0,中,低,低,tpdc,cmfd-v2,CMFD_V0200,false
changdu-luolong,CMFD_changdu-luolong,2023-09-01 00:00,-9.3,0.48,2.9,0,中,低,低,tpdc,cmfd-v2,CMFD_V0200,false
changdu-luolong,CMFD_changdu-luolong,2023-10-01 00:00,-13.5,0.66,2.8,0,高,中,低,tpdc,cmfd-v2,CMFD_V0200,false
changdu-luolong,CMFD_changdu-luolong,2023-11-01 00:00,-13.3,0.73,2.0,0,高,中,中,tpdc,cmfd-v2,CMFD_V0200,false
changdu-luolong,CMFD_changdu-luolong,2023-12-01 00:00,-8.8,0.79,4.3,0,中,中,中,tpdc,cmfd-v2,CMFD_V0200,false
changdu-luolong,CMFD_changdu-luolong,2024-01-01 00:00,-3.8,0.97,4.4,0,中,高,中,tpdc,cmfd-v2,CMFD_V0200,false
changdu-luolong,CMFD_changdu-luolong,2024-02-01 00:00,5.5,0.94,6.1,0,低,中,中,tpdc,cmfd-v2,CMFD_V0200,false
changdu-luolong,CMFD_changdu-luolong,2024-03-01 00:00,11.5,0.67,5.2,0,低,中,中,tpdc,cmfd-v2,CMFD_V0200,false
changdu-luolong,CMFD_changdu-luolong,2024-04-01 00:00,11.1,0.65,5.2,0,低,中,低,tpdc,cmfd-v2,CMFD_V0200,false
changdu-luolong,CMFD_changdu-luolong,2024-05-01 00:00,11.2,0.42,4.2,0,低,低,低,tpdc,cmfd-v2,CMFD_V0200,false
changdu-luolong,CMFD_changdu-luolong,2024-06-01 00:00,3.8,0.27,6.0,0,低,低,低,tpdc,cmfd-v2,CMFD_V0200,false
changdu-luolong,CMFD_changdu-luolong,2024-07-01 00:00,0.1,0.2,4.9,0,低,低,低,tpdc,cmfd-v2,CMFD_V0200,false
changdu-luolong,CMFD_changdu-luolong,2024-08-01 00:00,-8.8,0.19,3.3,0,中,低,低,tpdc,cmfd-v2,CMFD_V0200,false
changdu-luolong,CMFD_changdu-luolong,2024-09-01 00:00,-7.5,0.3,3.0,0,中,低,低,tpdc,cmfd-v2,CMFD_V0200,false
changdu-luolong,CMFD_changdu-luolong,2024-10-01 00:00,-12.6,0.51,2.3,0,高,中,低,tpdc,cmfd-v2,CMFD_V0200,false
changdu-luolong,CMFD_changdu-luolong,2024-11-01 00:00,-8.4,0.65,3.6,0,中,中,中,tpdc,cmfd-v2,CMFD_V0200,false
changdu-luolong,CMFD_changdu-luolong,2024-12-01 00:00,-4.5,0.95,4.4,0,中,中,中,tpdc,cmfd-v2,CMFD_V0200,false
changdu-leiwuqi,CMFD_changdu-leiwuqi,2023-01-01 00:00,1.3,1.05,5.5,0,低,高,中,tpdc,cmfd-v2,CMFD_V0200,false
changdu-leiwuqi,CMFD_changdu-leiwuqi,2023-02-01 00:00,3.5,0.9,6.0,0,低,中,中,tpdc,cmfd-v2,CMFD_V0200,false
changdu-leiwuqi,CMFD_changdu-leiwuqi,2023-03-01 00:00,6.8,0.99,6.0,0,低,高,中,tpdc,cmfd-v2,CMFD_V0200,false
changdu-leiwuqi,CMFD_changdu-leiwuqi,2023-04-01 00:00,10.6,0.54,6.7,0,低,中,低,tpdc,cmfd-v2,CMFD_V0200,false
changdu-leiwuqi,CMFD_changdu-leiwuqi,2023-05-01 00:00,10.1,0.31,5.9,0,低,低,低,tpdc,cmfd-v2,CMFD_V0200,false
changdu-leiwuqi,CMFD_changdu-leiwuqi,2023-06-01 00:00,2.9,0.19,6.3,0,低,低,低,tpdc,cmfd-v2,CMFD_V0200,false
changdu-leiwuqi,CMFD_changdu-leiwuqi,2023-07-01 00:00,-0.8,0.17,5.0,0,中,低,低,tpdc,cmfd-v2,CMFD_V0200,false
changdu-leiwuqi,CMFD_changdu-leiwuqi,2023-08-01 00:00,-4.4,0.15,2.4,0,中,低,低,tpdc,cmfd-v2,CMFD_V0200,false
changdu-leiwuqi,CMFD_changdu-leiwuqi,2023-09-01 00:00,-6.4,0.2,3.8,0,中,低,低,tpdc,cmfd-v2,CMFD_V0200,false
changdu-leiwuqi,CMFD_changdu-leiwuqi,2023-10-01 00:00,-14.3,0.54,3.8,0,高,中,低,tpdc,cmfd-v2,CMFD_V0200,false
changdu-leiwuqi,CMFD_changdu-leiwuqi,2023-11-01 00:00,-8.5,0.68,1.4,0,中,中,中,tpdc,cmfd-v2,CMFD_V0200,false
changdu-leiwuqi,CMFD_changdu-leiwuqi,2023-12-01 00:00,-5.8,0.95,2.2,0,中,中,中,tpdc,cmfd-v2,CMFD_V0200,false
changdu-leiwuqi,CMFD_changdu-leiwuqi,2024-01-01 00:00,-2.5,0.83,4.9,0,中,中,中,tpdc,cmfd-v2,CMFD_V0200,false
changdu-leiwuqi,CMFD_changdu-leiwuqi,2024-02-01 00:00,3.3,0.94,4.8,0,低,中,中,tpdc,cmfd-v2,CMFD_V0200,false
changdu-leiwuqi,CMFD_changdu-leiwuqi,2024-03-01 00:00,7.3,0.68,4.7,0,低,中,中,tpdc,cmfd-v2,CMFD_V0200,false
changdu-leiwuqi,CMFD_changdu-leiwuqi,2024-04-01 00:00,9.6,0.5,7.0,0,低,低,低,tpdc,cmfd-v2,CMFD_V0200,false
changdu-leiwuqi,CMFD_changdu-leiwuqi,2024-05-01 00:00,7.9,0.38,5.3,0,低,低,低,tpdc,cmfd-v2,CMFD_V0200,false
changdu-leiwuqi,CMFD_changdu-leiwuqi,2024-06-01 00:00,5.5,0.16,5.8,0,低,低,低,tpdc,cmfd-v2,CMFD_V0200,false
changdu-leiwuqi,CMFD_changdu-leiwuqi,2024-07-01 00:00,1.7,0.15,5.7,0,低,低,低,tpdc,cmfd-v2,CMFD_V0200,false
changdu-leiwuqi,CMFD_changdu-leiwuqi,2024-08-01 00:00,-5.4,0.23,3.3,0,中,低,低,tpdc,cmfd-v2,CMFD_V0200,false
changdu-leiwuqi,CMFD_changdu-leiwuqi,2024-09-01 00:00,-11.8,0.46,1.5,0,高,低,低,tpdc,cmfd-v2,CMFD_V0200,false
changdu-leiwuqi,CMFD_changdu-leiwuqi,2024-10-01 00:00,-12.4,0.4,3.9,0,高,低,低,tpdc,cmfd-v2,CMFD_V0200,false
changdu-leiwuqi,CMFD_changdu-leiwuqi,2024-11-01 00:00,-12.8,0.62,4.1,0,高,中,中,tpdc,cmfd-v2,CMFD_V0200,false
changdu-leiwuqi,CMFD_changdu-leiwuqi,2024-12-01 00:00,-7.7,1.04,4.6,0,中,高,中,tpdc,cmfd-v2,CMFD_V0200,false
changdu-jiangda,CMFD_changdu-jiangda,2023-01-01 00:00,0.7,1.23,3.9,0,低,高,中,tpdc,cmfd-v2,CMFD_V0200,false
changdu-jiangda,CMFD_changdu-jiangda,2023-02-01 00:00,8.3,0.87,7.1,0,低,中,中,tpdc,cmfd-v2,CMFD_V0200,false
changdu-jiangda,CMFD_changdu-jiangda,2023-03-01 00:00,12.3,0.84,6.1,0,低,中,中,tpdc,cmfd-v2,CMFD_V0200,false
changdu-jiangda,CMFD_changdu-jiangda,2023-04-01 00:00,11.2,0.53,6.3,0,低,中,低,tpdc,cmfd-v2,CMFD_V0200,false
changdu-jiangda,CMFD_changdu-jiangda,2023-05-01 00:00,11.1,0.32,5.6,0,低,低,低,tpdc,cmfd-v2,CMFD_V0200,false
changdu-jiangda,CMFD_changdu-jiangda,2023-06-01 00:00,3.3,0.16,6.7,0,低,低,低,tpdc,cmfd-v2,CMFD_V0200,false
changdu-jiangda,CMFD_changdu-jiangda,2023-07-01 00:00,0.3,0.4,5.7,0,低,低,低,tpdc,cmfd-v2,CMFD_V0200,false
changdu-jiangda,CMFD_changdu-jiangda,2023-08-01 00:00,-0.5,0.06,3.5,0,中,低,低,tpdc,cmfd-v2,CMFD_V0200,false
changdu-jiangda,CMFD_changdu-jiangda,2023-09-01 00:00,-9.1,0.31,2.1,0,中,低,低,tpdc,cmfd-v2,CMFD_V0200,false
changdu-jiangda,CMFD_changdu-jiangda,2023-10-01 00:00,-14.3,0.4,3.5,0,高,低,低,tpdc,cmfd-v2,CMFD_V0200,false
changdu-jiangda,CMFD_changdu-jiangda,2023-11-01 00:00,-8.8,0.75,2.2,0,中,中,中,tpdc,cmfd-v2,CMFD_V0200,false
changdu-jiangda,CMFD_changdu-jiangda,2023-12-01 00:00,-3.1,0.9,2.3,0,中,中,中,tpdc,cmfd-v2,CMFD_V0200,false
changdu-jiangda,CMFD_changdu-jiangda,2024-01-01 00:00,2.4,0.83,4.8,0,低,中,中,tpdc,cmfd-v2,CMFD_V0200,false
changdu-jiangda,CMFD_changdu-jiangda,2024-02-01 00:00,6.4,1.02,5.3,0,低,中,中,tpdc,cmfd-v2,CMFD_V0200,false
changdu-jiangda,CMFD_changdu-jiangda,2024-03-01 00:00,11.6,1.05,4.8,0,低,高,中,tpdc,cmfd-v2,CMFD_V0200,false
changdu-jiangda,CMFD_changdu-jiangda,2024-04-01 00:00,11.4,0.7,5.9,0,低,中,低,tpdc,cmfd-v2,CMFD_V0200,false
changdu-jiangda,CMFD_changdu-jiangda,2024-05-01 00:00,12.0,0.45,6.1,0,低,低,低,tpdc,cmfd-v2,CMFD_V0200,false
changdu-jiangda,CMFD_changdu-jiangda,2024-06-01 00:00,5.9,0.2,6.3,0,低,低,低,tpdc,cmfd-v2,CMFD_V0200,false
changdu-jiangda,CMFD_changdu-jiangda,2024-07-01 00:00,1.8,0.28,2.8,0,低,低,低,tpdc,cmfd-v2,CMFD_V0200,false
changdu-jiangda,CMFD_changdu-jiangda,2024-08-01 00:00,-4.0,0.18,4.7,0,中,低,低,tpdc,cmfd-v2,CMFD_V0200,false
changdu-jiangda,CMFD_changdu-jiangda,2024-09-01 00:00,-6.6,0.48,2.2,0,中,低,低,tpdc,cmfd-v2,CMFD_V0200,false
changdu-jiangda,CMFD_changdu-jiangda,2024-10-01 00:00,-10.3,0.47,2.8,0,高,低,低,tpdc,cmfd-v2,CMFD_V0200,false
changdu-jiangda,CMFD_changdu-jiangda,2024-11-01 00:00,-7.6,0.66,2.9,0,中,中,中,tpdc,cmfd-v2,CMFD_V0200,false
changdu-jiangda,CMFD_changdu-jiangda,2024-12-01 00:00,-5.7,0.91,3.6,0,中,中,中,tpdc,cmfd-v2,CMFD_V0200,false
rikaze-xietongmen,CMFD_rikaze-xietongmen,2023-01-01 00:00,-1.3,0.54,4.3,0,中,中,中,tpdc,cmfd-v2,CMFD_V0200,false
rikaze-xietongmen,CMFD_rikaze-xietongmen,2023-02-01 00:00,6.6,0.6,5.9,0,低,中,中,tpdc,cmfd-v2,CMFD_V0200,false
rikaze-xietongmen,CMFD_rikaze-xietongmen,2023-03-01 00:00,7.3,0.39,4.2,0,低,低,中,tpdc,cmfd-v2,CMFD_V0200,false
rikaze-xietongmen,CMFD_rikaze-xietongmen,2023-04-01 00:00,14.6,0.37,6.5,0,低,低,低,tpdc,cmfd-v2,CMFD_V0200,false
rikaze-xietongmen,CMFD_rikaze-xietongmen,2023-05-01 00:00,8.6,0.28,6.5,0,低,低,低,tpdc,cmfd-v2,CMFD_V0200,false
rikaze-xietongmen,CMFD_rikaze-xietongmen,2023-06-01 00:00,8.6,0.25,5.7,0,低,低,低,tpdc,cmfd-v2,CMFD_V0200,false
rikaze-xietongmen,CMFD_rikaze-xietongmen,2023-07-01 00:00,3.0,0.18,3.0,0,低,低,低,tpdc,cmfd-v2,CMFD_V0200,false
rikaze-xietongmen,CMFD_rikaze-xietongmen,2023-08-01 00:00,-6.3,0.08,3.1,0,中,低,低,tpdc,cmfd-v2,CMFD_V0200,false
rikaze-xietongmen,CMFD_rikaze-xietongmen,2023-09-01 00:00,-7.0,0.27,0.8,0,中,低,低,tpdc,cmfd-v2,CMFD_V0200,false
rikaze-xietongmen,CMFD_rikaze-xietongmen,2023-10-01 00:00,-10.7,0.24,1.0,0,高,低,低,tpdc,cmfd-v2,CMFD_V0200,false
rikaze-xietongmen,CMFD_rikaze-xietongmen,2023-11-01 00:00,-9.0,0.45,3.1,0,中,低,中,tpdc,cmfd-v2,CMFD_V0200,false
rikaze-xietongmen,CMFD_rikaze-xietongmen,2023-12-01 00:00,-5.6,0.48,3.0,0,中,中,中,tpdc,cmfd-v2,CMFD_V0200,false
rikaze-xietongmen,CMFD_rikaze-xietongmen,2024-01-01 00:00,-0.6,0.61,3.8,0,中,中,中,tpdc,cmfd-v2,CMFD_V0200,false
rikaze-xietongmen,CMFD_rikaze-xietongmen,2024-02-01 00:00,3.8,0.64,4.4,0,低,中,中,tpdc,cmfd-v2,CMFD_V0200,false
rikaze-xietongmen,CMFD_rikaze-xietongmen,2024-03-01 00:00,5.4,0.45,4.3,0,低,低,中,tpdc,cmfd-v2,CMFD_V0200,false
rikaze-xietongmen,CMFD_rikaze-xietongmen,2024-04-01 00:00,8.4,0.3,6.7,0,低,低,低,tpdc,cmfd-v2,CMFD_V0200,false
rikaze-xietongmen,CMFD_rikaze-xietongmen,2024-05-01 00:00,7.9,0.15,5.1,0,低,低,低,tpdc,cmfd-v2,CMFD_V0200,false
rikaze-xietongmen,CMFD_rikaze-xietongmen,2024-06-01 00:00,8.1,0.11,6.1,0,低,低,低,tpdc,cmfd-v2,CMFD_V0200,false
rikaze-xietongmen,CMFD_rikaze-xietongmen,2024-07-01 00:00,-2.5,0.2,1.9,0,中,低,低,tpdc,cmfd-v2,CMFD_V0200,false
rikaze-xietongmen,CMFD_rikaze-xietongmen,2024-08-01 00:00,-6.1,0.35,3.9,0,中,低,低,tpdc,cmfd-v2,CMFD_V0200,false
rikaze-xietongmen,CMFD_rikaze-xietongmen,2024-09-01 00:00,-9.7,0.19,1.8,0,中,低,低,tpdc,cmfd-v2,CMFD_V0200,false
rikaze-xietongmen,CMFD_rikaze-xietongmen,2024-10-01 00:00,-12.9,0.44,0.6,0,高,低,低,tpdc,cmfd-v2,CMFD_V0200,false
rikaze-xietongmen,CMFD_rikaze-xietongmen,2024-11-01 00:00,-13.4,0.5,1.6,0,高,中,中,tpdc,cmfd-v2,CMFD_V0200,false
rikaze-xietongmen,CMFD_rikaze-xietongmen,2024-12-01 00:00,-7.4,0.68,3.5,0,中,中,中,tpdc,cmfd-v2,CMFD_V0200,false
rikaze-jiangzi,CMFD_rikaze-jiangzi,2023-01-01 00:00,-0.1,0.65,2.9,0,中,中,中,tpdc,cmfd-v2,CMFD_V0200,false
rikaze-jiangzi,CMFD_rikaze-jiangzi,2023-02-01 00:00,3.6,0.53,4.4,0,低,低,中,tpdc,cmfd-v2,CMFD_V0200,false
rikaze-jiangzi,CMFD_rikaze-jiangzi,2023-03-01 00:00,5.4,0.42,4.3,0,低,低,中,tpdc,cmfd-v2,CMFD_V0200,false
rikaze-jiangzi,CMFD_rikaze-jiangzi,2023-04-01 00:00,13.0,0.41,6.5,0,低,低,低,tpdc,cmfd-v2,CMFD_V0200,false
rikaze-jiangzi,CMFD_rikaze-jiangzi,2023-05-01 00:00,11.8,0.21,5.4,0,低,低,低,tpdc,cmfd-v2,CMFD_V0200,false
rikaze-jiangzi,CMFD_rikaze-jiangzi,2023-06-01 00:00,4.6,0.17,6.4,0,低,低,低,tpdc,cmfd-v2,CMFD_V0200,false
rikaze-jiangzi,CMFD_rikaze-jiangzi,2023-07-01 00:00,3.0,0.3,4.3,0,低,低,低,tpdc,cmfd-v2,CMFD_V0200,false
rikaze-jiangzi,CMFD_rikaze-jiangzi,2023-08-01 00:00,-8.6,0.09,3.7,0,中,低,低,tpdc,cmfd-v2,CMFD_V0200,false
rikaze-jiangzi,CMFD_rikaze-jiangzi,2023-09-01 00:00,-10.6,0.41,1.9,0,高,低,低,tpdc,cmfd-v2,CMFD_V0200,false
rikaze-jiangzi,CMFD_rikaze-jiangzi,2023-10-01 00:00,-10.1,0.53,2.6,0,高,中,低,tpdc,cmfd-v2,CMFD_V0200,false
rikaze-jiangzi,CMFD_rikaze-jiangzi,2023-11-01 00:00,-7.9,0.48,2.1,0,中,低,中,tpdc,cmfd-v2,CMFD_V0200,false
rikaze-jiangzi,CMFD_rikaze-jiangzi,2023-12-01 00:00,-6.9,0.52,3.8,0,中,中,中,tpdc,cmfd-v2,CMFD_V0200,false
rikaze-jiangzi,CMFD_rikaze-jiangzi,2024-01-01 00:00,-1.2,0.57,4.7,0,中,中,中,tpdc,cmfd-v2,CMFD_V0200,false
rikaze-jiangzi,CMFD_rikaze-jiangzi,2024-02-01 00:00,5.7,0.55,5.3,0,低,中,中,tpdc,cmfd-v2,CMFD_V0200,false
rikaze-jiangzi,CMFD_rikaze-jiangzi,2024-03-01 00:00,11.6,0.47,6.8,0,低,低,中,tpdc,cmfd-v2,CMFD_V0200,false
rikaze-jiangzi,CMFD_rikaze-jiangzi,2024-04-01 00:00,12.8,0.5,6.5,0,低,低,低,tpdc,cmfd-v2,CMFD_V0200,false
rikaze-jiangzi,CMFD_rikaze-jiangzi,2024-05-01 00:00,8.6,0.27,6.6,0,低,低,低,tpdc,cmfd-v2,CMFD_V0200,false
rikaze-jiangzi,CMFD_rikaze-jiangzi,2024-06-01 00:00,7.9,0.18,6.5,0,低,低,低,tpdc,cmfd-v2,CMFD_V0200,false
rikaze-jiangzi,CMFD_rikaze-jiangzi,2024-07-01 00:00,-3.5,0.13,5.3,0,中,低,低,tpdc,cmfd-v2,CMFD_V0200,false
rikaze-jiangzi,CMFD_rikaze-jiangzi,2024-08-01 00:00,-7.4,0.09,4.0,0,中,低,低,tpdc,cmfd-v2,CMFD_V0200,false
rikaze-jiangzi,CMFD_rikaze-jiangzi,2024-09-01 00:00,-14.6,0.33,2.7,0,高,低,低,tpdc,cmfd-v2,CMFD_V0200,false
rikaze-jiangzi,CMFD_rikaze-jiangzi,2024-10-01 00:00,-11.5,0.24,0.5,0,高,低,低,tpdc,cmfd-v2,CMFD_V0200,false
rikaze-jiangzi,CMFD_rikaze-jiangzi,2024-11-01 00:00,-17.0,0.38,0.5,0,高,低,中,tpdc,cmfd-v2,CMFD_V0200,false
rikaze-jiangzi,CMFD_rikaze-jiangzi,2024-12-01 00:00,-9.1,0.51,4.2,0,中,中,中,tpdc,cmfd-v2,CMFD_V0200,false
rikaze-kangma,CMFD_rikaze-kangma,2023-01-01 00:00,-1.8,0.82,4.6,0,中,中,中,tpdc,cmfd-v2,CMFD_V0200,false
rikaze-kangma,CMFD_rikaze-kangma,2023-02-01 00:00,4.9,0.52,5.2,0,低,低,中,tpdc,cmfd-v2,CMFD_V0200,false
rikaze-kangma,CMFD_rikaze-kangma,2023-03-01 00:00,7.5,0.6,5.4,0,低,中,中,tpdc,cmfd-v2,CMFD_V0200,false
rikaze-kangma,CMFD_rikaze-kangma,2023-04-01 00:00,8.4,0.35,5.4,0,低,低,低,tpdc,cmfd-v2,CMFD_V0200,false
rikaze-kangma,CMFD_rikaze-kangma,2023-05-01 00:00,4.8,0.38,6.1,0,低,低,低,tpdc,cmfd-v2,CMFD_V0200,false
rikaze-kangma,CMFD_rikaze-kangma,2023-06-01 00:00,3.7,0.07,6.3,0,低,低,低,tpdc,cmfd-v2,CMFD_V0200,false
rikaze-kangma,CMFD_rikaze-kangma,2023-07-01 00:00,-2.8,0.42,1.9,0,中,低,低,tpdc,cmfd-v2,CMFD_V0200,false
rikaze-kangma,CMFD_rikaze-kangma,2023-08-01 00:00,-12.1,0.28,3.1,0,高,低,低,tpdc,cmfd-v2,CMFD_V0200,false
rikaze-kangma,CMFD_rikaze-kangma,2023-09-01 00:00,-10.7,0.22,2.6,0,高,低,低,tpdc,cmfd-v2,CMFD_V0200,false
rikaze-kangma,CMFD_rikaze-kangma,2023-10-01 00:00,-14.4,0.41,2.3,0,高,低,低,tpdc,cmfd-v2,CMFD_V0200,false
rikaze-kangma,CMFD_rikaze-kangma,2023-11-01 00:00,-14.3,0.42,2.4,0,高,低,中,tpdc,cmfd-v2,CMFD_V0200,false
rikaze-kangma,CMFD_rikaze-kangma,2023-12-01 00:00,-11.1,0.53,3.7,0,高,中,中,tpdc,cmfd-v2,CMFD_V0200,false
rikaze-kangma,CMFD_rikaze-kangma,2024-01-01 00:00,-5.4,0.58,3.2,0,中,中,中,tpdc,cmfd-v2,CMFD_V0200,false
rikaze-kangma,CMFD_rikaze-kangma,2024-02-01 00:00,4.0,0.58,3.9,0,低,中,中,tpdc,cmfd-v2,CMFD_V0200,false
rikaze-kangma,CMFD_rikaze-kangma,2024-03-01 00:00,5.8,0.63,5.8,0,低,中,中,tpdc,cmfd-v2,CMFD_V0200,false
rikaze-kangma,CMFD_rikaze-kangma,2024-04-01 00:00,11.6,0.38,5.7,0,低,低,低,tpdc,cmfd-v2,CMFD_V0200,false
rikaze-kangma,CMFD_rikaze-kangma,2024-05-01 00:00,7.3,0.17,7.3,0,低,低,低,tpdc,cmfd-v2,CMFD_V0200,false
rikaze-kangma,CMFD_rikaze-kangma,2024-06-01 00:00,3.9,0.17,5.8,0,低,低,低,tpdc,cmfd-v2,CMFD_V0200,false
rikaze-kangma,CMFD_rikaze-kangma,2024-07-01 00:00,-3.3,0.07,4.6,0,中,低,低,tpdc,cmfd-v2,CMFD_V0200,false
rikaze-kangma,CMFD_rikaze-kangma,2024-08-01 00:00,-5.6,0.07,4.1,0,中,低,低,tpdc,cmfd-v2,CMFD_V0200,false
rikaze-kangma,CMFD_rikaze-kangma,2024-09-01 00:00,-10.5,0.34,0.7,0,高,低,低,tpdc,cmfd-v2,CMFD_V0200,false
rikaze-kangma,CMFD_rikaze-kangma,2024-10-01 00:00,-15.3,0.37,2.4,0,高,低,低,tpdc,cmfd-v2,CMFD_V0200,false
rikaze-kangma,CMFD_rikaze-kangma,2024-11-01 00:00,-12.8,0.58,3.6,0,高,中,中,tpdc,cmfd-v2,CMFD_V0200,false
rikaze-kangma,CMFD_rikaze-kangma,2024-12-01 00:00,-12.9,0.64,4.0,0,高,中,中,tpdc,cmfd-v2,CMFD_V0200,false
rikaze-zhongba,CMFD_rikaze-zhongba,2023-01-01 00:00,-4.2,0.5,6.5,0,中,中,中,tpdc,cmfd-v2,CMFD_V0200,false
rikaze-zhongba,CMFD_rikaze-zhongba,2023-02-01 00:00,-0.8,0.55,6.3,0,中,中,中,tpdc,cmfd-v2,CMFD_V0200,false
rikaze-zhongba,CMFD_rikaze-zhongba,2023-03-01 00:00,7.8,0.56,4.2,0,低,中,中,tpdc,cmfd-v2,CMFD_V0200,false
rikaze-zhongba,CMFD_rikaze-zhongba,2023-04-01 00:00,9.0,0.38,7.4,0,低,低,低,tpdc,cmfd-v2,CMFD_V0200,false
rikaze-zhongba,CMFD_rikaze-zhongba,2023-05-01 00:00,5.3,0.26,6.1,0,低,低,低,tpdc,cmfd-v2,CMFD_V0200,false
rikaze-zhongba,CMFD_rikaze-zhongba,2023-06-01 00:00,1.8,0.13,5.1,0,低,低,低,tpdc,cmfd-v2,CMFD_V0200,false
rikaze-zhongba,CMFD_rikaze-zhongba,2023-07-01 00:00,-4.4,0.19,3.3,0,中,低,低,tpdc,cmfd-v2,CMFD_V0200,false
rikaze-zhongba,CMFD_rikaze-zhongba,2023-08-01 00:00,-12.6,0.13,4.0,0,高,低,低,tpdc,cmfd-v2,CMFD_V0200,false
rikaze-zhongba,CMFD_rikaze-zhongba,2023-09-01 00:00,-13.7,0.23,1.3,0,高,低,低,tpdc,cmfd-v2,CMFD_V0200,false
rikaze-zhongba,CMFD_rikaze-zhongba,2023-10-01 00:00,-14.8,0.35,2.7,0,高,低,低,tpdc,cmfd-v2,CMFD_V0200,false
rikaze-zhongba,CMFD_rikaze-zhongba,2023-11-01 00:00,-11.5,0.4,2.0,0,高,低,中,tpdc,cmfd-v2,CMFD_V0200,false
rikaze-zhongba,CMFD_rikaze-zhongba,2023-12-01 00:00,-9.1,0.47,4.7,0,中,低,中,tpdc,cmfd-v2,CMFD_V0200,false
rikaze-zhongba,CMFD_rikaze-zhongba,2024-01-01 00:00,-2.4,0.48,4.8,0,中,低,中,tpdc,cmfd-v2,CMFD_V0200,false
rikaze-zhongba,CMFD_rikaze-zhongba,2024-02-01 00:00,2.9,0.65,4.8,0,低,中,中,tpdc,cmfd-v2,CMFD_V0200,false
rikaze-zhongba,CMFD_rikaze-zhongba,2024-03-01 00:00,6.5,0.58,5.4,0,低,中,中,tpdc,cmfd-v2,CMFD_V0200,false
rikaze-zhongba,CMFD_rikaze-zhongba,2024-04-01 00:00,8.0,0.28,7.1,0,低,低,低,tpdc,cmfd-v2,CMFD_V0200,false
rikaze-zhongba,CMFD_rikaze-zhongba,2024-05-01 00:00,5.5,0.17,3.5,0,低,低,低,tpdc,cmfd-v2,CMFD_V0200,false
rikaze-zhongba,CMFD_rikaze-zhongba,2024-06-01 00:00,2.1,0.21,4.0,0,低,低,低,tpdc,cmfd-v2,CMFD_V0200,false
rikaze-zhongba,CMFD_rikaze-zhongba,2024-07-01 00:00,-2.9,0.43,4.4,0,中,低,低,tpdc,cmfd-v2,CMFD_V0200,false
rikaze-zhongba,CMFD_rikaze-zhongba,2024-08-01 00:00,-9.1,0.43,3.3,0,中,低,低,tpdc,cmfd-v2,CMFD_V0200,false
rikaze-zhongba,CMFD_rikaze-zhongba,2024-09-01 00:00,-12.3,0.2,0.9,0,高,低,低,tpdc,cmfd-v2,CMFD_V0200,false
rikaze-zhongba,CMFD_rikaze-zhongba,2024-10-01 00:00,-15.8,0.32,4.2,0,高,低,低,tpdc,cmfd-v2,CMFD_V0200,false
rikaze-zhongba,CMFD_rikaze-zhongba,2024-11-01 00:00,-15.4,0.51,1.8,0,高,中,中,tpdc,cmfd-v2,CMFD_V0200,false
rikaze-zhongba,CMFD_rikaze-zhongba,2024-12-01 00:00,-11.1,0.66,1.7,0,高,中,中,tpdc,cmfd-v2,CMFD_V0200,false
shannan-cuona,CMFD_shannan-cuona,2023-01-01 00:00,-2.7,0.63,6.0,0,中,中,中,tpdc,cmfd-v2,CMFD_V0200,false
shannan-cuona,CMFD_shannan-cuona,2023-02-01 00:00,-1.5,0.72,7.9,0,中,中,中,tpdc,cmfd-v2,CMFD_V0200,false
shannan-cuona,CMFD_shannan-cuona,2023-03-01 00:00,4.2,0.65,6.3,0,低,中,中,tpdc,cmfd-v2,CMFD_V0200,false
shannan-cuona,CMFD_shannan-cuona,2023-04-01 00:00,7.1,0.56,9.0,0,低,中,低,tpdc,cmfd-v2,CMFD_V0200,false
shannan-cuona,CMFD_shannan-cuona,2023-05-01 00:00,1.4,0.46,7.6,0,低,低,低,tpdc,cmfd-v2,CMFD_V0200,false
shannan-cuona,CMFD_shannan-cuona,2023-06-01 00:00,1.7,0.31,6.6,0,低,低,低,tpdc,cmfd-v2,CMFD_V0200,false
shannan-cuona,CMFD_shannan-cuona,2023-07-01 00:00,-7.9,0.2,3.7,0,中,低,低,tpdc,cmfd-v2,CMFD_V0200,false
shannan-cuona,CMFD_shannan-cuona,2023-08-01 00:00,-12.7,0.23,5.0,0,高,低,低,tpdc,cmfd-v2,CMFD_V0200,false
shannan-cuona,CMFD_shannan-cuona,2023-09-01 00:00,-16.0,0.38,3.6,0,高,低,低,tpdc,cmfd-v2,CMFD_V0200,false
shannan-cuona,CMFD_shannan-cuona,2023-10-01 00:00,-16.4,0.31,1.0,0,高,低,低,tpdc,cmfd-v2,CMFD_V0200,false
shannan-cuona,CMFD_shannan-cuona,2023-11-01 00:00,-16.7,0.59,2.0,0,高,中,中,tpdc,cmfd-v2,CMFD_V0200,false
shannan-cuona,CMFD_shannan-cuona,2023-12-01 00:00,-10.6,0.57,4.9,0,高,中,中,tpdc,cmfd-v2,CMFD_V0200,false
shannan-cuona,CMFD_shannan-cuona,2024-01-01 00:00,-3.3,0.68,5.1,0,中,中,中,tpdc,cmfd-v2,CMFD_V0200,false
shannan-cuona,CMFD_shannan-cuona,2024-02-01 00:00,-1.1,0.73,5.3,0,中,中,中,tpdc,cmfd-v2,CMFD_V0200,false
shannan-cuona,CMFD_shannan-cuona,2024-03-01 00:00,3.8,0.5,6.4,0,低,中,中,tpdc,cmfd-v2,CMFD_V0200,false
shannan-cuona,CMFD_shannan-cuona,2024-04-01 00:00,6.4,0.48,8.1,0,低,低,低,tpdc,cmfd-v2,CMFD_V0200,false
shannan-cuona,CMFD_shannan-cuona,2024-05-01 00:00,4.6,0.4,5.8,0,低,低,低,tpdc,cmfd-v2,CMFD_V0200,false
shannan-cuona,CMFD_shannan-cuona,2024-06-01 00:00,1.8,0.09,6.9,0,低,低,低,tpdc,cmfd-v2,CMFD_V0200,false
shannan-cuona,CMFD_shannan-cuona,2024-07-01 00:00,-5.2,0.11,5.4,0,中,低,低,tpdc,cmfd-v2,CMFD_V0200,false
shannan-cuona,CMFD_shannan-cuona,2024-08-01 00:00,-12.3,0.03,4.5,0,高,低,低,tpdc,cmfd-v2,CMFD_V0200,false
shannan-cuona,CMFD_shannan-cuona,2024-09-01 00:00,-17.7,0.21,3.2,0,高,低,低,tpdc,cmfd-v2,CMFD_V0200,false
shannan-cuona,CMFD_shannan-cuona,2024-10-01 00:00,-22.1,0.66,4.0,0,高,中,低,tpdc,cmfd-v2,CMFD_V0200,false
shannan-cuona,CMFD_shannan-cuona,2024-11-01 00:00,-18.6,0.57,5.3,0,高,中,中,tpdc,cmfd-v2,CMFD_V0200,false
shannan-cuona,CMFD_shannan-cuona,2024-12-01 00:00,-14.6,0.59,3.3,0,高,中,中,tpdc,cmfd-v2,CMFD_V0200,false
ali-gaize,CMFD_ali-gaize,2023-01-01 00:00,-8.3,0.37,6.8,0,中,低,中,tpdc,cmfd-v2,CMFD_V0200,false
ali-gaize,CMFD_ali-gaize,2023-02-01 00:00,-1.6,0.63,6.7,0,中,中,中,tpdc,cmfd-v2,CMFD_V0200,false
ali-gaize,CMFD_ali-gaize,2023-03-01 00:00,-0.8,0.23,8.7,0,中,低,中,tpdc,cmfd-v2,CMFD_V0200,false
ali-gaize,CMFD_ali-gaize,2023-04-01 00:00,-3.0,0.25,6.7,0,中,低,低,tpdc,cmfd-v2,CMFD_V0200,false
ali-gaize,CMFD_ali-gaize,2023-05-01 00:00,-0.7,0.14,7.2,0,中,低,低,tpdc,cmfd-v2,CMFD_V0200,false
ali-gaize,CMFD_ali-gaize,2023-06-01 00:00,-1.0,0.06,7.4,0,中,低,低,tpdc,cmfd-v2,CMFD_V0200,false
ali-gaize,CMFD_ali-gaize,2023-07-01 00:00,-9.3,0.23,7.0,0,中,低,低,tpdc,cmfd-v2,CMFD_V0200,false
ali-gaize,CMFD_ali-gaize,2023-08-01 00:00,-21.1,0.02,5.3,0,高,低,低,tpdc,cmfd-v2,CMFD_V0200,false
ali-gaize,CMFD_ali-gaize,2023-09-01 00:00,-15.3,0.1,5.1,0,高,低,低,tpdc,cmfd-v2,CMFD_V0200,false
ali-gaize,CMFD_ali-gaize,2023-10-01 00:00,-21.2,0.14,4.1,0,高,低,低,tpdc,cmfd-v2,CMFD_V0200,false
ali-gaize,CMFD_ali-gaize,2023-11-01 00:00,-20.6,0.28,4.7,0,高,低,中,tpdc,cmfd-v2,CMFD_V0200,false
ali-gaize,CMFD_ali-gaize,2023-12-01 00:00,-14.2,0.24,5.7,0,高,低,中,tpdc,cmfd-v2,CMFD_V0200,false
ali-gaize,CMFD_ali-gaize,2024-01-01 00:00,-8.2,0.31,6.2,0,中,低,中,tpdc,cmfd-v2,CMFD_V0200,false
ali-gaize,CMFD_ali-gaize,2024-02-01 00:00,-2.5,0.5,9.6,0,中,低,中,tpdc,cmfd-v2,CMFD_V0200,false
ali-gaize,CMFD_ali-gaize,2024-03-01 00:00,0.8,0.41,7.9,0,低,低,中,tpdc,cmfd-v2,CMFD_V0200,false
ali-gaize,CMFD_ali-gaize,2024-04-01 00:00,1.2,0.31,9.0,0,低,低,低,tpdc,cmfd-v2,CMFD_V0200,false
ali-gaize,CMFD_ali-gaize,2024-05-01 00:00,-0.1,0.2,9.6,0,中,低,低,tpdc,cmfd-v2,CMFD_V0200,false
ali-gaize,CMFD_ali-gaize,2024-06-01 00:00,-6.5,0.14,8.4,0,中,低,低,tpdc,cmfd-v2,CMFD_V0200,false
ali-gaize,CMFD_ali-gaize,2024-07-01 00:00,-13.1,0.06,7.0,0,高,低,低,tpdc,cmfd-v2,CMFD_V0200,false
ali-gaize,CMFD_ali-gaize,2024-08-01 00:00,-14.4,0.18,7.2,0,高,低,低,tpdc,cmfd-v2,CMFD_V0200,false
ali-gaize,CMFD_ali-gaize,2024-09-01 00:00,-20.2,0.29,5.4,0,高,低,低,tpdc,cmfd-v2,CMFD_V0200,false
ali-gaize,CMFD_ali-gaize,2024-10-01 00:00,-20.7,0.19,3.6,0,高,低,低,tpdc,cmfd-v2,CMFD_V0200,false
ali-gaize,CMFD_ali-gaize,2024-11-01 00:00,-22.6,0.45,4.9,0,高,低,中,tpdc,cmfd-v2,CMFD_V0200,false
ali-gaize,CMFD_ali-gaize,2024-12-01 00:00,-11.0,0.29,5.5,0,高,低,中,tpdc,cmfd-v2,CMFD_V0200,false
yushu-chengduo,CMFD_yushu-chengduo,2023-01-01 00:00,-5.8,0.84,5.2,0,中,中,中,tpdc,cmfd-v2,CMFD_V0200,false
yushu-chengduo,CMFD_yushu-chengduo,2023-02-01 00:00,-2.7,0.87,5.0,0,中,中,中,tpdc,cmfd-v2,CMFD_V0200,false
yushu-chengduo,CMFD_yushu-chengduo,2023-03-01 00:00,4.8,0.87,8.4,0,低,中,中,tpdc,cmfd-v2,CMFD_V0200,false
yushu-chengduo,CMFD_yushu-chengduo,2023-04-01 00:00,4.3,0.44,8.0,0,低,低,低,tpdc,cmfd-v2,CMFD_V0200,false
yushu-chengduo,CMFD_yushu-chengduo,2023-05-01 00:00,8.1,0.27,7.2,0,低,低,低,tpdc,cmfd-v2,CMFD_V0200,false
yushu-chengduo,CMFD_yushu-chengduo,2023-06-01 00:00,0.6,0.2,5.4,0,低,低,低,tpdc,cmfd-v2,CMFD_V0200,false
yushu-chengduo,CMFD_yushu-chengduo,2023-07-01 00:00,-8.8,0.04,5.0,0,中,低,低,tpdc,cmfd-v2,CMFD_V0200,false
yushu-chengduo,CMFD_yushu-chengduo,2023-08-01 00:00,-12.0,0.26,3.5,0,高,低,低,tpdc,cmfd-v2,CMFD_V0200,false
yushu-chengduo,CMFD_yushu-chengduo,2023-09-01 00:00,-13.0,0.22,4.7,0,高,低,低,tpdc,cmfd-v2,CMFD_V0200,false
yushu-chengduo,CMFD_yushu-chengduo,2023-10-01 00:00,-13.6,0.46,2.0,0,高,低,低,tpdc,cmfd-v2,CMFD_V0200,false
yushu-chengduo,CMFD_yushu-chengduo,2023-11-01 00:00,-18.0,0.68,2.6,0,高,中,中,tpdc,cmfd-v2,CMFD_V0200,false
yushu-chengduo,CMFD_yushu-chengduo,2023-12-01 00:00,-15.4,1.0,4.9,0,高,高,中,tpdc,cmfd-v2,CMFD_V0200,false
yushu-chengduo,CMFD_yushu-chengduo,2024-01-01 00:00,-9.5,0.81,4.8,0,中,中,中,tpdc,cmfd-v2,CMFD_V0200,false
yushu-chengduo,CMFD_yushu-chengduo,2024-02-01 00:00,2.6,0.77,7.5,0,低,中,中,tpdc,cmfd-v2,CMFD_V0200,false
yushu-chengduo,CMFD_yushu-chengduo,2024-03-01 00:00,5.4,0.72,7.5,0,低,中,中,tpdc,cmfd-v2,CMFD_V0200,false
yushu-chengduo,CMFD_yushu-chengduo,2024-04-01 00:00,7.9,0.72,9.3,0,低,中,低,tpdc,cmfd-v2,CMFD_V0200,false
yushu-chengduo,CMFD_yushu-chengduo,2024-05-01 00:00,2.9,0.34,6.0,0,低,低,低,tpdc,cmfd-v2,CMFD_V0200,false
yushu-chengduo,CMFD_yushu-chengduo,2024-06-01 00:00,-0.7,0.08,3.8,0,中,低,低,tpdc,cmfd-v2,CMFD_V0200,false
yushu-chengduo,CMFD_yushu-chengduo,2024-07-01 00:00,-3.6,0.15,5.9,0,中,低,低,tpdc,cmfd-v2,CMFD_V0200,false
yushu-chengduo,CMFD_yushu-chengduo,2024-08-01 00:00,-13.6,0.06,4.6,0,高,低,低,tpdc,cmfd-v2,CMFD_V0200,false
yushu-chengduo,CMFD_yushu-chengduo,2024-09-01 00:00,-15.6,0.4,3.1,0,高,低,低,tpdc,cmfd-v2,CMFD_V0200,false
yushu-chengduo,CMFD_yushu-chengduo,2024-10-01 00:00,-16.9,0.42,2.5,0,高,低,低,tpdc,cmfd-v2,CMFD_V0200,false
yushu-chengduo,CMFD_yushu-chengduo,2024-11-01 00:00,-18.5,0.69,2.8,0,高,中,中,tpdc,cmfd-v2,CMFD_V0200,false
yushu-chengduo,CMFD_yushu-chengduo,2024-12-01 00:00,-9.4,0.86,3.2,0,中,中,中,tpdc,cmfd-v2,CMFD_V0200,false
yushu-zaduo,CMFD_yushu-zaduo,2023-01-01 00:00,-7.1,1.03,3.6,0,中,高,中,tpdc,cmfd-v2,CMFD_V0200,false
yushu-zaduo,CMFD_yushu-zaduo,2023-02-01 00:00,-2.1,0.76,5.5,0,中,中,中,tpdc,cmfd-v2,CMFD_V0200,false
yushu-zaduo,CMFD_yushu-zaduo,2023-03-01 00:00,3.6,0.63,7.1,0,低,中,中,tpdc,cmfd-v2,CMFD_V0200,false
yushu-zaduo,CMFD_yushu-zaduo,2023-04-01 00:00,5.0,0.48,6.0,0,低,低,低,tpdc,cmfd-v2,CMFD_V0200,false
yushu-zaduo,CMFD_yushu-zaduo,2023-05-01 00:00,7.9,0.28,6.5,0,低,低,低,tpdc,cmfd-v2,CMFD_V0200,false
yushu-zaduo,CMFD_yushu-zaduo,2023-06-01 00:00,3.3,0.26,6.7,0,低,低,低,tpdc,cmfd-v2,CMFD_V0200,false
yushu-zaduo,CMFD_yushu-zaduo,2023-07-01 00:00,-3.8,0.32,4.5,0,中,低,低,tpdc,cmfd-v2,CMFD_V0200,false
yushu-zaduo,CMFD_yushu-zaduo,2023-08-01 00:00,-10.8,0.09,3.2,0,高,低,低,tpdc,cmfd-v2,CMFD_V0200,false
yushu-zaduo,CMFD_yushu-zaduo,2023-09-01 00:00,-16.6,0.62,3.0,0,高,中,低,tpdc,cmfd-v2,CMFD_V0200,false
yushu-zaduo,CMFD_yushu-zaduo,2023-10-01 00:00,-18.6,0.48,2.9,0,高,低,低,tpdc,cmfd-v2,CMFD_V0200,false
yushu-zaduo,CMFD_yushu-zaduo,2023-11-01 00:00,-16.3,0.76,3.1,0,高,中,中,tpdc,cmfd-v2,CMFD_V0200,false
yushu-zaduo,CMFD_yushu-zaduo,2023-12-01 00:00,-8.5,0.71,5.4,0,中,中,中,tpdc,cmfd-v2,CMFD_V0200,false
yushu-zaduo,CMFD_yushu-zaduo,2024-01-01 00:00,-6.1,0.77,5.3,0,中,中,中,tpdc,cmfd-v2,CMFD_V0200,false
yushu-zaduo,CMFD_yushu-zaduo,2024-02-01 00:00,2.7,1.02,5.9,0,低,中,中,tpdc,cmfd-v2,CMFD_V0200,false
yushu-zaduo,CMFD_yushu-zaduo,2024-03-01 00:00,5.0,0.63,7.6,0,低,中,中,tpdc,cmfd-v2,CMFD_V0200,false
yushu-zaduo,CMFD_yushu-zaduo,2024-04-01 00:00,6.6,0.43,9.4,0,低,低,低,tpdc,cmfd-v2,CMFD_V0200,false
yushu-zaduo,CMFD_yushu-zaduo,2024-05-01 00:00,5.4,0.45,7.9,0,低,低,低,tpdc,cmfd-v2,CMFD_V0200,false
yushu-zaduo,CMFD_yushu-zaduo,2024-06-01 00:00,-0.2,0.33,6.1,0,中,低,低,tpdc,cmfd-v2,CMFD_V0200,false
yushu-zaduo,CMFD_yushu-zaduo,2024-07-01 00:00,-7.4,0.04,4.8,0,中,低,低,tpdc,cmfd-v2,CMFD_V0200,false
yushu-zaduo,CMFD_yushu-zaduo,2024-08-01 00:00,-10.7,0.09,3.9,0,高,低,低,tpdc,cmfd-v2,CMFD_V0200,false
yushu-zaduo,CMFD_yushu-zaduo,2024-09-01 00:00,-12.3,0.45,3.8,0,高,低,低,tpdc,cmfd-v2,CMFD_V0200,false
yushu-zaduo,CMFD_yushu-zaduo,2024-10-01 00:00,-19.3,0.42,2.2,0,高,低,低,tpdc,cmfd-v2,CMFD_V0200,false
yushu-zaduo,CMFD_yushu-zaduo,2024-11-01 00:00,-16.1,0.6,5.4,0,高,中,中,tpdc,cmfd-v2,CMFD_V0200,false
yushu-zaduo,CMFD_yushu-zaduo,2024-12-01 00:00,-12.7,0.66,2.1,0,高,中,中,tpdc,cmfd-v2,CMFD_V0200,false
guoluo-maqin,CMFD_guoluo-maqin,2023-01-01 00:00,-3.5,0.85,3.9,0,中,中,中,tpdc,cmfd-v2,CMFD_V0200,false
guoluo-maqin,CMFD_guoluo-maqin,2023-02-01 00:00,4.0,0.89,5.0,0,低,中,中,tpdc,cmfd-v2,CMFD_V0200,false
guoluo-maqin,CMFD_guoluo-maqin,2023-03-01 00:00,11.2,0.96,5.0,0,低,中,中,tpdc,cmfd-v2,CMFD_V0200,false
guoluo-maqin,CMFD_guoluo-maqin,2023-04-01 00:00,8.9,0.64,6.2,0,低,中,低,tpdc,cmfd-v2,CMFD_V0200,false
guoluo-maqin,CMFD_guoluo-maqin,2023-05-01 00:00,8.9,0.25,5.1,0,低,低,低,tpdc,cmfd-v2,CMFD_V0200,false
guoluo-maqin,CMFD_guoluo-maqin,2023-06-01 00:00,4.2,0.26,3.1,0,低,低,低,tpdc,cmfd-v2,CMFD_V0200,false
guoluo-maqin,CMFD_guoluo-maqin,2023-07-01 00:00,-1.0,0.17,4.9,0,中,低,低,tpdc,cmfd-v2,CMFD_V0200,false
guoluo-maqin,CMFD_guoluo-maqin,2023-08-01 00:00,-6.4,0.08,3.5,0,中,低,低,tpdc,cmfd-v2,CMFD_V0200,false
guoluo-maqin,CMFD_guoluo-maqin,2023-09-01 00:00,-14.8,0.65,2.7,0,高,中,低,tpdc,cmfd-v2,CMFD_V0200,false
guoluo-maqin,CMFD_guoluo-maqin,2023-10-01 00:00,-10.1,0.54,3.4,0,高,中,低,tpdc,cmfd-v2,CMFD_V0200,false
guoluo-maqin,CMFD_guoluo-maqin,2023-11-01 00:00,-12.8,0.82,2.2,0,高,中,中,tpdc,cmfd-v2,CMFD_V0200,false
guoluo-maqin,CMFD_guoluo-maqin,2023-12-01 00:00,-8.6,0.97,2.5,0,中,高,中,tpdc,cmfd-v2,CMFD_V0200,false
guoluo-maqin,CMFD_guoluo-maqin,2024-01-01 00:00,-4.3,0.81,5.4,0,中,中,中,tpdc,cmfd-v2,CMFD_V0200,false
guoluo-maqin,CMFD_guoluo-maqin,2024-02-01 00:00,5.8,0.93,3.4,0,低,中,中,tpdc,cmfd-v2,CMFD_V0200,false
guoluo-maqin,CMFD_guoluo-maqin,2024-03-01 00:00,6.5,0.66,6.5,0,低,中,中,tpdc,cmfd-v2,CMFD_V0200,false
guoluo-maqin,CMFD_guoluo-maqin,2024-04-01 00:00,10.5,0.48,7.8,0,低,低,低,tpdc,cmfd-v2,CMFD_V0200,false
guoluo-maqin,CMFD_guoluo-maqin,2024-05-01 00:00,6.9,0.54,7.0,0,低,中,低,tpdc,cmfd-v2,CMFD_V0200,false
guoluo-maqin,CMFD_guoluo-maqin,2024-06-01 00:00,2.5,0.09,4.8,0,低,低,低,tpdc,cmfd-v2,CMFD_V0200,false
guoluo-maqin,CMFD_guoluo-maqin,2024-07-01 00:00,-7.4,0.0,3.1,0,中,低,低,tpdc,cmfd-v2,CMFD_V0200,false
guoluo-maqin,CMFD_guoluo-maqin,2024-08-01 00:00,-6.5,0.05,1.6,0,中,低,低,tpdc,cmfd-v2,CMFD_V0200,false
guoluo-maqin,CMFD_guoluo-maqin,2024-09-01 00:00,-15.4,0.34,3.8,0,高,低,低,tpdc,cmfd-v2,CMFD_V0200,false
guoluo-maqin,CMFD_guoluo-maqin,2024-10-01 00:00,-14.9,0.42,3.4,0,高,低,低,tpdc,cmfd-v2,CMFD_V0200,false
guoluo-maqin,CMFD_guoluo-maqin,2024-11-01 00:00,-15.2,0.69,1.9,0,高,中,中,tpdc,cmfd-v2,CMFD_V0200,false
guoluo-maqin,CMFD_guoluo-maqin,2024-12-01 00:00,-5.9,0.77,4.2,0,中,中,中,tpdc,cmfd-v2,CMFD_V0200,false
guoluo-jiuzhi,CMFD_guoluo-jiuzhi,2023-01-01 00:00,-1.2,1.03,4.9,0,中,高,中,tpdc,cmfd-v2,CMFD_V0200,false
guoluo-jiuzhi,CMFD_guoluo-jiuzhi,2023-02-01 00:00,2.0,0.85,4.9,0,低,中,中,tpdc,cmfd-v2,CMFD_V0200,false
guoluo-jiuzhi,CMFD_guoluo-jiuzhi,2023-03-01 00:00,5.8,0.77,6.2,0,低,中,中,tpdc,cmfd-v2,CMFD_V0200,false
guoluo-jiuzhi,CMFD_guoluo-jiuzhi,2023-04-01 00:00,9.0,0.56,7.0,0,低,中,低,tpdc,cmfd-v2,CMFD_V0200,false
guoluo-jiuzhi,CMFD_guoluo-jiuzhi,2023-05-01 00:00,8.5,0.47,7.7,0,低,低,低,tpdc,cmfd-v2,CMFD_V0200,false
guoluo-jiuzhi,CMFD_guoluo-jiuzhi,2023-06-01 00:00,4.6,0.33,6.5,0,低,低,低,tpdc,cmfd-v2,CMFD_V0200,false
guoluo-jiuzhi,CMFD_guoluo-jiuzhi,2023-07-01 00:00,-4.0,0.26,2.2,0,中,低,低,tpdc,cmfd-v2,CMFD_V0200,false
guoluo-jiuzhi,CMFD_guoluo-jiuzhi,2023-08-01 00:00,-9.8,0.45,3.3,0,中,低,低,tpdc,cmfd-v2,CMFD_V0200,false
guoluo-jiuzhi,CMFD_guoluo-jiuzhi,2023-09-01 00:00,-16.0,0.46,3.2,0,高,低,低,tpdc,cmfd-v2,CMFD_V0200,false
guoluo-jiuzhi,CMFD_guoluo-jiuzhi,2023-10-01 00:00,-18.4,0.58,1.8,0,高,中,低,tpdc,cmfd-v2,CMFD_V0200,false
guoluo-jiuzhi,CMFD_guoluo-jiuzhi,2023-11-01 00:00,-14.9,0.87,4.6,0,高,中,中,tpdc,cmfd-v2,CMFD_V0200,false
guoluo-jiuzhi,CMFD_guoluo-jiuzhi,2023-12-01 00:00,-6.4,0.9,3.5,0,中,中,中,tpdc,cmfd-v2,CMFD_V0200,false
guoluo-jiuzhi,CMFD_guoluo-jiuzhi,2024-01-01 00:00,-0.4,1.01,5.1,0,中,高,中,tpdc,cmfd-v2,CMFD_V0200,false
guoluo-jiuzhi,CMFD_guoluo-jiuzhi,2024-02-01 00:00,3.7,0.97,4.4,0,低,中,中,tpdc,cmfd-v2,CMFD_V0200,false
guoluo-jiuzhi,CMFD_guoluo-jiuzhi,2024-03-01 00:00,8.6,0.72,5.0,0,低,中,中,tpdc,cmfd-v2,CMFD_V0200,false
guoluo-jiuzhi,CMFD_guoluo-jiuzhi,2024-04-01 00:00,9.8,0.66,6.5,0,低,中,低,tpdc,cmfd-v2,CMFD_V0200,false
guoluo-jiuzhi,CMFD_guoluo-jiuzhi,2024-05-01 00:00,8.2,0.35,6.6,0,低,低,低,tpdc,cmfd-v2,CMFD_V0200,false
guoluo-jiuzhi,CMFD_guoluo-jiuzhi,2024-06-01 00:00,4.4,0.32,6.1,0,低,低,低,tpdc,cmfd-v2,CMFD_V0200,false
guoluo-jiuzhi,CMFD_guoluo-jiuzhi,2024-07-01 00:00,2.4,0.12,4.2,0,低,低,低,tpdc,cmfd-v2,CMFD_V0200,false
guoluo-jiuzhi,CMFD_guoluo-jiuzhi,2024-08-01 00:00,-7.9,0.56,2.8,0,中,中,低,tpdc,cmfd-v2,CMFD_V0200,false
guoluo-jiuzhi,CMFD_guoluo-jiuzhi,2024-09-01 00:00,-14.8,0.19,2.2,0,高,低,低,tpdc,cmfd-v2,CMFD_V0200,false
guoluo-jiuzhi,CMFD_guoluo-jiuzhi,2024-10-01 00:00,-13.8,0.39,3.4,0,高,低,低,tpdc,cmfd-v2,CMFD_V0200,false
guoluo-jiuzhi,CMFD_guoluo-jiuzhi,2024-11-01 00:00,-14.5,0.72,0.8,0,高,中,中,tpdc,cmfd-v2,CMFD_V0200,false
guoluo-jiuzhi,CMFD_guoluo-jiuzhi,2024-12-01 00:00,-9.2,0.78,4.8,0,中,中,中,tpdc,cmfd-v2,CMFD_V0200,false
haibei-gangcha,CMFD_haibei-gangcha,2023-01-01 00:00,3.2,0.6,4.4,0,低,中,中,tpdc,cmfd-v2,CMFD_V0200,false
haibei-gangcha,CMFD_haibei-gangcha,2023-02-01 00:00,9.1,0.65,4.8,0,低,中,中,tpdc,cmfd-v2,CMFD_V0200,false
haibei-gangcha,CMFD_haibei-gangcha,2023-03-01 00:00,10.8,0.62,6.9,0,低,中,中,tpdc,cmfd-v2,CMFD_V0200,false
haibei-gangcha,CMFD_haibei-gangcha,2023-04-01 00:00,14.2,0.45,5.4,0,低,低,低,tpdc,cmfd-v2,CMFD_V0200,false
haibei-gangcha,CMFD_haibei-gangcha,2023-05-01 00:00,11.0,0.28,4.8,0,低,低,低,tpdc,cmfd-v2,CMFD_V0200,false
haibei-gangcha,CMFD_haibei-gangcha,2023-06-01 00:00,7.1,0.27,4.1,0,低,低,低,tpdc,cmfd-v2,CMFD_V0200,false
haibei-gangcha,CMFD_haibei-gangcha,2023-07-01 00:00,3.9,0.16,4.5,0,低,低,低,tpdc,cmfd-v2,CMFD_V0200,false
haibei-gangcha,CMFD_haibei-gangcha,2023-08-01 00:00,-5.0,0.15,2.9,0,中,低,低,tpdc,cmfd-v2,CMFD_V0200,false
haibei-gangcha,CMFD_haibei-gangcha,2023-09-01 00:00,-10.5,0.14,1.5,0,高,低,低,tpdc,cmfd-v2,CMFD_V0200,false
haibei-gangcha,CMFD_haibei-gangcha,2023-10-01 00:00,-12.9,0.52,2.3,0,高,中,低,tpdc,cmfd-v2,CMFD_V0200,false
haibei-gangcha,CMFD_haibei-gangcha,2023-11-01 00:00,-8.7,0.65,0.5,0,中,中,中,tpdc,cmfd-v2,CMFD_V0200,false
haibei-gangcha,CMFD_haibei-gangcha,2023-12-01 00:00,-6.1,0.61,4.0,0,中,中,中,tpdc,cmfd-v2,CMFD_V0200,false
haibei-gangcha,CMFD_haibei-gangcha,2024-01-01 00:00,-1.3,0.79,3.2,0,中,中,中,tpdc,cmfd-v2,CMFD_V0200,false
haibei-gangcha,CMFD_haibei-gangcha,2024-02-01 00:00,8.6,0.96,5.1,0,低,中,中,tpdc,cmfd-v2,CMFD_V0200,false
haibei-gangcha,CMFD_haibei-gangcha,2024-03-01 00:00,9.6,0.57,6.7,0,低,中,中,tpdc,cmfd-v2,CMFD_V0200,false
haibei-gangcha,CMFD_haibei-gangcha,2024-04-01 00:00,12.2,0.46,5.8,0,低,低,低,tpdc,cmfd-v2,CMFD_V0200,false
haibei-gangcha,CMFD_haibei-gangcha,2024-05-01 00:00,14.1,0.26,5.7,0,低,低,低,tpdc,cmfd-v2,CMFD_V0200,false
haibei-gangcha,CMFD_haibei-gangcha,2024-06-01 00:00,8.7,0.14,6.0,0,低,低,低,tpdc,cmfd-v2,CMFD_V0200,false
haibei-gangcha,CMFD_haibei-gangcha,2024-07-01 00:00,3.5,0.19,3.8,0,低,低,低,tpdc,cmfd-v2,CMFD_V0200,false
haibei-gangcha,CMFD_haibei-gangcha,2024-08-01 00:00,-3.7,0.12,1.1,0,中,低,低,tpdc,cmfd-v2,CMFD_V0200,false
haibei-gangcha,CMFD_haibei-gangcha,2024-09-01 00:00,-10.0,0.27,3.7,0,高,低,低,tpdc,cmfd-v2,CMFD_V0200,false
haibei-gangcha,CMFD_haibei-gangcha,2024-10-01 00:00,-11.0,0.5,2.7,0,高,中,低,tpdc,cmfd-v2,CMFD_V0200,false
haibei-gangcha,CMFD_haibei-gangcha,2024-11-01 00:00,-7.5,0.46,2.9,0,中,低,中,tpdc,cmfd-v2,CMFD_V0200,false
haibei-gangcha,CMFD_haibei-gangcha,2024-12-01 00:00,-5.1,0.73,2.9,0,中,中,中,tpdc,cmfd-v2,CMFD_V0200,false
huangnan-zeku,CMFD_huangnan-zeku,2023-01-01 00:00,0.5,0.85,6.5,0,低,中,中,tpdc,cmfd-v2,CMFD_V0200,false
huangnan-zeku,CMFD_huangnan-zeku,2023-02-01 00:00,5.4,0.99,4.9,0,低,中,中,tpdc,cmfd-v2,CMFD_V0200,false
huangnan-zeku,CMFD_huangnan-zeku,2023-03-01 00:00,9.7,0.55,5.4,0,低,中,中,tpdc,cmfd-v2,CMFD_V0200,false
huangnan-zeku,CMFD_huangnan-zeku,2023-04-01 00:00,7.0,0.52,6.1,0,低,中,低,tpdc,cmfd-v2,CMFD_V0200,false
huangnan-zeku,CMFD_huangnan-zeku,2023-05-01 00:00,9.9,0.23,5.1,0,低,低,低,tpdc,cmfd-v2,CMFD_V0200,false
huangnan-zeku,CMFD_huangnan-zeku,2023-06-01 00:00,5.9,0.36,4.8,0,低,低,低,tpdc,cmfd-v2,CMFD_V0200,false
huangnan-zeku,CMFD_huangnan-zeku,2023-07-01 00:00,-1.3,0.04,3.2,0,中,低,低,tpdc,cmfd-v2,CMFD_V0200,false
huangnan-zeku,CMFD_huangnan-zeku,2023-08-01 00:00,-8.6,0.29,3.2,0,中,低,低,tpdc,cmfd-v2,CMFD_V0200,false
huangnan-zeku,CMFD_huangnan-zeku,2023-09-01 00:00,-10.1,0.2,3.4,0,高,低,低,tpdc,cmfd-v2,CMFD_V0200,false
huangnan-zeku,CMFD_huangnan-zeku,2023-10-01 00:00,-14.8,0.37,1.1,0,高,低,低,tpdc,cmfd-v2,CMFD_V0200,false
huangnan-zeku,CMFD_huangnan-zeku,2023-11-01 00:00,-9.7,0.52,2.1,0,中,中,中,tpdc,cmfd-v2,CMFD_V0200,false
huangnan-zeku,CMFD_huangnan-zeku,2023-12-01 00:00,-7.0,0.83,4.2,0,中,中,中,tpdc,cmfd-v2,CMFD_V0200,false
huangnan-zeku,CMFD_huangnan-zeku,2024-01-01 00:00,0.2,0.83,4.3,0,低,中,中,tpdc,cmfd-v2,CMFD_V0200,false
huangnan-zeku,CMFD_huangnan-zeku,2024-02-01 00:00,4.7,0.7,5.3,0,低,中,中,tpdc,cmfd-v2,CMFD_V0200,false
huangnan-zeku,CMFD_huangnan-zeku,2024-03-01 00:00,7.3,0.54,4.9,0,低,中,中,tpdc,cmfd-v2,CMFD_V0200,false
huangnan-zeku,CMFD_huangnan-zeku,2024-04-01 00:00,11.7,0.5,6.6,0,低,中,低,tpdc,cmfd-v2,CMFD_V0200,false
huangnan-zeku,CMFD_huangnan-zeku,2024-05-01 00:00,9.6,0.3,4.9,0,低,低,低,tpdc,cmfd-v2,CMFD_V0200,false
huangnan-zeku,CMFD_huangnan-zeku,2024-06-01 00:00,4.1,0.22,5.0,0,低,低,低,tpdc,cmfd-v2,CMFD_V0200,false
huangnan-zeku,CMFD_huangnan-zeku,2024-07-01 00:00,-1.8,0.12,2.9,0,中,低,低,tpdc,cmfd-v2,CMFD_V0200,false
huangnan-zeku,CMFD_huangnan-zeku,2024-08-01 00:00,-9.3,0.1,2.1,0,中,低,低,tpdc,cmfd-v2,CMFD_V0200,false
huangnan-zeku,CMFD_huangnan-zeku,2024-09-01 00:00,-9.0,0.25,1.4,0,中,低,低,tpdc,cmfd-v2,CMFD_V0200,false
huangnan-zeku,CMFD_huangnan-zeku,2024-10-01 00:00,-13.1,0.51,2.1,0,高,中,低,tpdc,cmfd-v2,CMFD_V0200,false
huangnan-zeku,CMFD_huangnan-zeku,2024-11-01 00:00,-9.5,0.55,3.3,0,中,中,中,tpdc,cmfd-v2,CMFD_V0200,false
huangnan-zeku,CMFD_huangnan-zeku,2024-12-01 00:00,-6.3,0.6,2.0,0,中,中,中,tpdc,cmfd-v2,CMFD_V0200,false
ganzi-shiqu,CMFD_ganzi-shiqu,2023-01-01 00:00,-7.6,0.94,4.6,0,中,中,中,tpdc,cmfd-v2,CMFD_V0200,false
ganzi-shiqu,CMFD_ganzi-shiqu,2023-02-01 00:00,-1.9,1.03,4.4,0,中,中,中,tpdc,cmfd-v2,CMFD_V0200,false
ganzi-shiqu,CMFD_ganzi-shiqu,2023-03-01 00:00,4.7,0.88,6.0,0,低,中,中,tpdc,cmfd-v2,CMFD_V0200,false
ganzi-shiqu,CMFD_ganzi-shiqu,2023-04-01 00:00,5.3,0.54,7.1,0,低,中,低,tpdc,cmfd-v2,CMFD_V0200,false
ganzi-shiqu,CMFD_ganzi-shiqu,2023-05-01 00:00,5.6,0.31,5.0,0,低,低,低,tpdc,cmfd-v2,CMFD_V0200,false
ganzi-shiqu,CMFD_ganzi-shiqu,2023-06-01 00:00,-0.8,0.26,4.4,0,中,低,低,tpdc,cmfd-v2,CMFD_V0200,false
ganzi-shiqu,CMFD_ganzi-shiqu,2023-07-01 00:00,-3.8,0.19,3.9,0,中,低,低,tpdc,cmfd-v2,CMFD_V0200,false
ganzi-shiqu,CMFD_ganzi-shiqu,2023-08-01 00:00,-11.8,0.1,3.3,0,高,低,低,tpdc,cmfd-v2,CMFD_V0200,false
ganzi-shiqu,CMFD_ganzi-shiqu,2023-09-01 00:00,-18.0,0.25,2.3,0,高,低,低,tpdc,cmfd-v2,CMFD_V0200,false
ganzi-shiqu,CMFD_ganzi-shiqu,2023-10-01 00:00,-17.4,0.47,3.2,0,高,低,低,tpdc,cmfd-v2,CMFD_V0200,false
ganzi-shiqu,CMFD_ganzi-shiqu,2023-11-01 00:00,-13.8,0.78,4.5,0,高,中,中,tpdc,cmfd-v2,CMFD_V0200,false
ganzi-shiqu,CMFD_ganzi-shiqu,2023-12-01 00:00,-9.4,0.88,3.3,0,中,中,中,tpdc,cmfd-v2,CMFD_V0200,false
ganzi-shiqu,CMFD_ganzi-shiqu,2024-01-01 00:00,-4.2,0.93,5.7,0,中,中,中,tpdc,cmfd-v2,CMFD_V0200,false
ganzi-shiqu,CMFD_ganzi-shiqu,2024-02-01 00:00,-1.2,1.32,7.5,0,中,高,中,tpdc,cmfd-v2,CMFD_V0200,false
ganzi-shiqu,CMFD_ganzi-shiqu,2024-03-01 00:00,3.9,0.81,7.9,0,低,中,中,tpdc,cmfd-v2,CMFD_V0200,false
ganzi-shiqu,CMFD_ganzi-shiqu,2024-04-01 00:00,8.0,0.68,7.8,0,低,中,低,tpdc,cmfd-v2,CMFD_V0200,false
ganzi-shiqu,CMFD_ganzi-shiqu,2024-05-01 00:00,3.9,0.55,6.5,0,低,中,低,tpdc,cmfd-v2,CMFD_V0200,false
ganzi-shiqu,CMFD_ganzi-shiqu,2024-06-01 00:00,-0.0,0.25,6.5,0,中,低,低,tpdc,cmfd-v2,CMFD_V0200,false
ganzi-shiqu,CMFD_ganzi-shiqu,2024-07-01 00:00,-5.8,0.05,4.6,0,中,低,低,tpdc,cmfd-v2,CMFD_V0200,false
ganzi-shiqu,CMFD_ganzi-shiqu,2024-08-01 00:00,-13.0,0.18,2.3,0,高,低,低,tpdc,cmfd-v2,CMFD_V0200,false
ganzi-shiqu,CMFD_ganzi-shiqu,2024-09-01 00:00,-13.1,0.33,2.0,0,高,低,低,tpdc,cmfd-v2,CMFD_V0200,false
ganzi-shiqu,CMFD_ganzi-shiqu,2024-10-01 00:00,-17.3,0.66,2.6,0,高,中,低,tpdc,cmfd-v2,CMFD_V0200,false
ganzi-shiqu,CMFD_ganzi-shiqu,2024-11-01 00:00,-15.8,0.81,3.5,0,高,中,中,tpdc,cmfd-v2,CMFD_V0200,false
ganzi-shiqu,CMFD_ganzi-shiqu,2024-12-01 00:00,-12.8,0.97,4.4,0,高,高,中,tpdc,cmfd-v2,CMFD_V0200,false
ganzi-seda,CMFD_ganzi-seda,2023-01-01 00:00,-6.5,0.99,4.3,0,中,高,中,tpdc,cmfd-v2,CMFD_V0200,false
ganzi-seda,CMFD_ganzi-seda,2023-02-01 00:00,1.5,1.0,5.6,0,低,中,中,tpdc,cmfd-v2,CMFD_V0200,false
ganzi-seda,CMFD_ganzi-seda,2023-03-01 00:00,5.1,0.81,6.7,0,低,中,中,tpdc,cmfd-v2,CMFD_V0200,false
ganzi-seda,CMFD_ganzi-seda,2023-04-01 00:00,9.0,0.56,6.9,0,低,中,低,tpdc,cmfd-v2,CMFD_V0200,false
ganzi-seda,CMFD_ganzi-seda,2023-05-01 00:00,4.6,0.35,7.3,0,低,低,低,tpdc,cmfd-v2,CMFD_V0200,false
ganzi-seda,CMFD_ganzi-seda,2023-06-01 00:00,1.3,0.38,5.2,0,低,低,低,tpdc,cmfd-v2,CMFD_V0200,false
ganzi-seda,CMFD_ganzi-seda,2023-07-01 00:00,-8.1,0.11,3.6,0,中,低,低,tpdc,cmfd-v2,CMFD_V0200,false
ganzi-seda,CMFD_ganzi-seda,2023-08-01 00:00,-10.7,0.22,2.2,0,高,低,低,tpdc,cmfd-v2,CMFD_V0200,false
ganzi-seda,CMFD_ganzi-seda,2023-09-01 00:00,-15.2,0.33,2.6,0,高,低,低,tpdc,cmfd-v2,CMFD_V0200,false
ganzi-seda,CMFD_ganzi-seda,2023-10-01 00:00,-21.6,0.46,1.9,0,高,低,低,tpdc,cmfd-v2,CMFD_V0200,false
ganzi-seda,CMFD_ganzi-seda,2023-11-01 00:00,-14.7,0.72,2.5,0,高,中,中,tpdc,cmfd-v2,CMFD_V0200,false
ganzi-seda,CMFD_ganzi-seda,2023-12-01 00:00,-11.1,0.91,4.0,0,高,中,中,tpdc,cmfd-v2,CMFD_V0200,false
ganzi-seda,CMFD_ganzi-seda,2024-01-01 00:00,-5.4,0.92,5.1,0,中,中,中,tpdc,cmfd-v2,CMFD_V0200,false
ganzi-seda,CMFD_ganzi-seda,2024-02-01 00:00,0.8,0.99,5.3,0,低,中,中,tpdc,cmfd-v2,CMFD_V0200,false
ganzi-seda,CMFD_ganzi-seda,2024-03-01 00:00,4.0,0.82,7.3,0,低,中,中,tpdc,cmfd-v2,CMFD_V0200,false
ganzi-seda,CMFD_ganzi-seda,2024-04-01 00:00,9.7,0.68,7.3,0,低,中,低,tpdc,cmfd-v2,CMFD_V0200,false
ganzi-seda,CMFD_ganzi-seda,2024-05-01 00:00,4.1,0.38,7.4,0,低,低,低,tpdc,cmfd-v2,CMFD_V0200,false
ganzi-seda,CMFD_ganzi-seda,2024-06-01 00:00,-2.0,0.24,5.6,0,中,低,低,tpdc,cmfd-v2,CMFD_V0200,false
ganzi-seda,CMFD_ganzi-seda,2024-07-01 00:00,-4.1,0.12,4.0,0,中,低,低,tpdc,cmfd-v2,CMFD_V0200,false
ganzi-seda,CMFD_ganzi-seda,2024-08-01 00:00,-13.3,0.05,1.6,0,高,低,低,tpdc,cmfd-v2,CMFD_V0200,false
ganzi-seda,CMFD_ganzi-seda,2024-09-01 00:00,-16.7,0.38,2.9,0,高,低,低,tpdc,cmfd-v2,CMFD_V0200,false
ganzi-seda,CMFD_ganzi-seda,2024-10-01 00:00,-16.4,0.68,1.0,0,高,中,低,tpdc,cmfd-v2,CMFD_V0200,false
ganzi-seda,CMFD_ganzi-seda,2024-11-01 00:00,-19.0,0.81,2.5,0,高,中,中,tpdc,cmfd-v2,CMFD_V0200,false
ganzi-seda,CMFD_ganzi-seda,2024-12-01 00:00,-10.4,1.04,3.7,0,高,高,中,tpdc,cmfd-v2,CMFD_V0200,false
aba-hongyuan,CMFD_aba-hongyuan,2023-01-01 00:00,-2.5,1.02,3.4,0,中,高,中,tpdc,cmfd-v2,CMFD_V0200,false
aba-hongyuan,CMFD_aba-hongyuan,2023-02-01 00:00,4.8,1.03,5.3,0,低,中,中,tpdc,cmfd-v2,CMFD_V0200,false
aba-hongyuan,CMFD_aba-hongyuan,2023-03-01 00:00,10.2,0.82,5.1,0,低,中,中,tpdc,cmfd-v2,CMFD_V0200,false
aba-hongyuan,CMFD_aba-hongyuan,2023-04-01 00:00,12.7,0.69,7.3,0,低,中,低,tpdc,cmfd-v2,CMFD_V0200,false
aba-hongyuan,CMFD_aba-hongyuan,2023-05-01 00:00,14.2,0.29,4.1,0,低,低,低,tpdc,cmfd-v2,CMFD_V0200,false
aba-hongyuan,CMFD_aba-hongyuan,2023-06-01 00:00,7.2,0.17,4.2,0,低,低,低,tpdc,cmfd-v2,CMFD_V0200,false
aba-hongyuan,CMFD_aba-hongyuan,2023-07-01 00:00,-0.9,0.12,4.2,0,中,低,低,tpdc,cmfd-v2,CMFD_V0200,false
aba-hongyuan,CMFD_aba-hongyuan,2023-08-01 00:00,-6.8,0.29,1.2,0,中,低,低,tpdc,cmfd-v2,CMFD_V0200,false
aba-hongyuan,CMFD_aba-hongyuan,2023-09-01 00:00,-11.7,0.25,1.0,0,高,低,低,tpdc,cmfd-v2,CMFD_V0200,false
aba-hongyuan,CMFD_aba-hongyuan,2023-10-01 00:00,-8.8,0.5,2.7,0,中,中,低,tpdc,cmfd-v2,CMFD_V0200,false
aba-hongyuan,CMFD_aba-hongyuan,2023-11-01 00:00,-10.7,0.85,1.5,0,高,中,中,tpdc,cmfd-v2,CMFD_V0200,false
aba-hongyuan,CMFD_aba-hongyuan,2023-12-01 00:00,-2.2,0.96,2.9,0,中,中,中,tpdc,cmfd-v2,CMFD_V0200,false
aba-hongyuan,CMFD_aba-hongyuan,2024-01-01 00:00,-2.0,1.05,6.3,0,中,高,中,tpdc,cmfd-v2,CMFD_V0200,false
aba-hongyuan,CMFD_aba-hongyuan,2024-02-01 00:00,7.6,1.32,3.7,0,低,高,中,tpdc,cmfd-v2,CMFD_V0200,false
aba-hongyuan,CMFD_aba-hongyuan,2024-03-01 00:00,12.2,1.01,5.7,0,低,高,中,tpdc,cmfd-v2,CMFD_V0200,false
aba-hongyuan,CMFD_aba-hongyuan,2024-04-01 00:00,9.5,1.0,5.5,0,低,高,低,tpdc,cmfd-v2,CMFD_V0200,false
aba-hongyuan,CMFD_aba-hongyuan,2024-05-01 00:00,9.9,0.54,6.3,0,低,中,低,tpdc,cmfd-v2,CMFD_V0200,false
aba-hongyuan,CMFD_aba-hongyuan,2024-06-01 00:00,8.2,0.28,3.2,0,低,低,低,tpdc,cmfd-v2,CMFD_V0200,false
aba-hongyuan,CMFD_aba-hongyuan,2024-07-01 00:00,0.2,0.15,0.7,0,低,低,低,tpdc,cmfd-v2,CMFD_V0200,false
aba-hongyuan,CMFD_aba-hongyuan,2024-08-01 00:00,-4.6,0.44,1.7,0,中,低,低,tpdc,cmfd-v2,CMFD_V0200,false
aba-hongyuan,CMFD_aba-hongyuan,2024-09-01 00:00,-8.6,0.35,2.0,0,中,低,低,tpdc,cmfd-v2,CMFD_V0200,false
aba-hongyuan,CMFD_aba-hongyuan,2024-10-01 00:00,-11.3,0.58,0.9,0,高,中,低,tpdc,cmfd-v2,CMFD_V0200,false
aba-hongyuan,CMFD_aba-hongyuan,2024-11-01 00:00,-7.5,0.84,2.4,0,中,中,中,tpdc,cmfd-v2,CMFD_V0200,false
aba-hongyuan,CMFD_aba-hongyuan,2024-12-01 00:00,-5.7,0.96,3.0,0,中,中,中,tpdc,cmfd-v2,CMFD_V0200,false
gannan-luqu,CMFD_gannan-luqu,2023-01-01 00:00,3.3,0.87,3.4,0,低,中,中,tpdc,cmfd-v2,CMFD_V0200,false
gannan-luqu,CMFD_gannan-luqu,2023-02-01 00:00,9.6,1.1,4.5,0,低,高,中,tpdc,cmfd-v2,CMFD_V0200,false
gannan-luqu,CMFD_gannan-luqu,2023-03-01 00:00,12.7,0.63,4.6,0,低,中,中,tpdc,cmfd-v2,CMFD_V0200,false
gannan-luqu,CMFD_gannan-luqu,2023-04-01 00:00,15.8,0.5,6.2,0,低,中,低,tpdc,cmfd-v2,CMFD_V0200,false
gannan-luqu,CMFD_gannan-luqu,2023-05-01 00:00,17.9,0.39,4.4,0,低,低,低,tpdc,cmfd-v2,CMFD_V0200,false
gannan-luqu,CMFD_gannan-luqu,2023-06-01 00:00,8.1,0.19,4.4,0,低,低,低,tpdc,cmfd-v2,CMFD_V0200,false
gannan-luqu,CMFD_gannan-luqu,2023-07-01 00:00,2.8,0.07,2.7,0,低,低,低,tpdc,cmfd-v2,CMFD_V0200,false
gannan-luqu,CMFD_gannan-luqu,2023-08-01 00:00,-2.7,0.39,0.9,0,中,低,低,tpdc,cmfd-v2,CMFD_V0200,false
gannan-luqu,CMFD_gannan-luqu,2023-09-01 00:00,-7.5,0.33,2.8,0,中,低,低,tpdc,cmfd-v2,CMFD_V0200,false
gannan-luqu,CMFD_gannan-luqu,2023-10-01 00:00,-6.4,0.46,1.3,0,中,低,低,tpdc,cmfd-v2,CMFD_V0200,false
gannan-luqu,CMFD_gannan-luqu,2023-11-01 00:00,-5.2,0.66,0.5,0,中,中,中,tpdc,cmfd-v2,CMFD_V0200,false
gannan-luqu,CMFD_gannan-luqu,2023-12-01 00:00,-2.5,0.74,1.7,0,中,中,中,tpdc,cmfd-v2,CMFD_V0200,false
gannan-luqu,CMFD_gannan-luqu,2024-01-01 00:00,2.5,0.82,4.0,0,低,中,中,tpdc,cmfd-v2,CMFD_V0200,false
gannan-luqu,CMFD_gannan-luqu,2024-02-01 00:00,11.7,0.89,4.8,0,低,中,中,tpdc,cmfd-v2,CMFD_V0200,false
gannan-luqu,CMFD_gannan-luqu,2024-03-01 00:00,14.7,0.89,3.9,0,低,中,中,tpdc,cmfd-v2,CMFD_V0200,false
gannan-luqu,CMFD_gannan-luqu,2024-04-01 00:00,15.5,0.59,4.7,0,低,中,低,tpdc,cmfd-v2,CMFD_V0200,false
gannan-luqu,CMFD_gannan-luqu,2024-05-01 00:00,14.4,0.53,5.4,0,低,中,低,tpdc,cmfd-v2,CMFD_V0200,false
gannan-luqu,CMFD_gannan-luqu,2024-06-01 00:00,7.4,0.34,4.7,0,低,低,低,tpdc,cmfd-v2,CMFD_V0200,false
gannan-luqu,CMFD_gannan-luqu,2024-07-01 00:00,1.9,0.01,3.2,0,低,低,低,tpdc,cmfd-v2,CMFD_V0200,false
gannan-luqu,CMFD_gannan-luqu,2024-08-01 00:00,-5.5,0.23,2.7,0,中,低,低,tpdc,cmfd-v2,CMFD_V0200,false
gannan-luqu,CMFD_gannan-luqu,2024-09-01 00:00,-5.4,0.3,1.1,0,中,低,低,tpdc,cmfd-v2,CMFD_V0200,false
gannan-luqu,CMFD_gannan-luqu,2024-10-01 00:00,-9.7,0.45,0.5,0,中,低,低,tpdc,cmfd-v2,CMFD_V0200,false
gannan-luqu,CMFD_gannan-luqu,2024-11-01 00:00,-7.5,0.65,1.5,0,中,中,中,tpdc,cmfd-v2,CMFD_V0200,false
gannan-luqu,CMFD_gannan-luqu,2024-12-01 00:00,-3.0,0.98,2.7,0,中,高,中,tpdc,cmfd-v2,CMFD_V0200,false
